"","filenames","topic"
"1","TRAAABD128F429CF47","46"
"2","TRAAAEF128F4273421","36"
"3","TRAAAFD128F92F423A","28"
"4","TRAAARJ128F9320760","47"
"5","TRAABJV128F1460C49","44"
"6","TRAABLR128F423B7E3","49"
"7","TRAABVM128F92CA9DC","28"
"8","TRAACER128F4290F96","34"
"9","TRAACFV128F935E50B","15"
"10","TRAACHN128F1489601","18"
"11","TRAADLH12903CA70EE","3"
"12","TRAADNA128F9331246","30"
"13","TRAADQX128F422B4CF","9"
"14","TRAADYB128F92D7E73","46"
"15","TRAADYI128E078FB38","31"
"16","TRAAENC128F1451DE9","28"
"17","TRAAFMS128F933AB23","5"
"18","TRAAFUJ128F933F42B","11"
"19","TRAAGCZ128F93210FD","4"
"20","TRAAGEC128E079252C","45"
"21","TRAAGGE128F9325E2C","43"
"22","TRAAGHM128EF35CF8E","46"
"23","TRAAGJV128F1464090","45"
"24","TRAAGMJ12903CAD7D4","17"
"25","TRAAGPF12903CE027E","33"
"26","TRAAGPJ128F428CD1B","2"
"27","TRAAGVM128E0784D95","4"
"28","TRAAHEG128E07861C3","4"
"29","TRAAHRF128F92FE234","37"
"30","TRAAHZP12903CA25F4","30"
"31","TRAAIAE128F42AC53D","26"
"32","TRAAIAX128F930531B","45"
"33","TRAAIHL128F92E6DDA","45"
"34","TRAAIII128F427D5D8","36"
"35","TRAAJAC128F148B530","31"
"36","TRAAJEK128F422F55A","33"
"37","TRAAJJA12903CC518A","40"
"38","TRAAJJG128F4284B27","45"
"39","TRAAJMH128E0785407","46"
"40","TRAAJYX128F4255568","10"
"41","TRAAKAS128F4246013","32"
"42","TRAAMES128F42AF068","45"
"43","TRAAMFG128F92FDEA2","30"
"44","TRAAMPA128F92E7D0D","30"
"45","TRAAMYQ128F148B753","48"
"46","TRAANBH128F9345A6C","28"
"47","TRAAOIN128F9303790","40"
"48","TRAAOJI128F1458DCD","38"
"49","TRAAOYG128F9314996","29"
"50","TRAAPCC128F42519A7","26"
"51","TRAAPGF128F1458F8B","18"
"52","TRAAPIV128F1493132","29"
"53","TRAAPPQ128F14961F5","25"
"54","TRAAQBF12903CF796B","39"
"55","TRAAQCK128F92E8C33","45"
"56","TRAAQIH128F428BDEA","34"
"57","TRAAQUC128F9322A82","3"
"58","TRAAQZQ128EF35C51A","3"
"59","TRAARSF12903CD1B12","30"
"60","TRAASFP128F42980BD","30"
"61","TRAASGM128EF34DBB0","4"
"62","TRAASQC128F93480F0","32"
"63","TRAASUZ128F9314950","28"
"64","TRAATIU128F4291A84","29"
"65","TRAATMY128F149562F","24"
"66","TRAATNJ128F42631BA","9"
"67","TRAATPA128F146753C","25"
"68","TRAAUEO128E0780CB9","48"
"69","TRAAUGD128F42734DA","15"
"70","TRAAUMN128F4273561","21"
"71","TRAAUZX128F92F3D53","11"
"72","TRAAVGB12903CFAA99","13"
"73","TRAAVOK12903CC4773","46"
"74","TRAAVOU128F422F292","2"
"75","TRAAVRJ128F92FF90A","47"
"76","TRAAWGY128F4298A09","29"
"77","TRAAWOR128F92DF3C8","13"
"78","TRAAWQD12903CAA968","16"
"79","TRAAXIR128F92D1938","46"
"80","TRAAXMX128F9307699","28"
"81","TRAAXUY128F426BA55","9"
"82","TRAAYPN128F9340DDF","3"
"83","TRAAZBD128F427A97D","9"
"84","TRAAZGC12903CB5DFB","28"
"85","TRAAZKV12903CDDFE0","46"
"86","TRAAZQW128F93430DC","9"
"87","TRABAFJ128F42AF24E","45"
"88","TRABBOP128F931B50D","21"
"89","TRABBXU128F92FEF48","42"
"90","TRABCIX128F4265903","21"
"91","TRABCKL128F423A778","3"
"92","TRABDTV128E0791839","3"
"93","TRABEBP12903C9BA03","8"
"94","TRABEKF128F42765FF","16"
"95","TRABEXK12903CCE19B","32"
"96","TRABFKN12903CAF61B","45"
"97","TRABFZX128F4241355","25"
"98","TRABGHG128F934B27E","36"
"99","TRABGLK128F9338730","42"
"100","TRABGMB12903CF50FE","14"
"101","TRABHBA128F424CF80","30"
"102","TRABHVL128F92EFB0E","37"
"103","TRABHWW128F424E9D2","12"
"104","TRABIPA128F1458F79","30"
"105","TRABIZY128F933C696","2"
"106","TRABJIX128C7196953","7"
"107","TRABJWA128F9309C09","3"
"108","TRABKBS128F42823EC","15"
"109","TRABLGI128F42B867A","29"
"110","TRABLLK128F428FFAF","39"
"111","TRABLMN128E0792687","33"
"112","TRABLQE128F92E5E75","24"
"113","TRABLTP128F930DC6D","32"
"114","TRABLYQ128F429A9F8","1"
"115","TRABMZZ128F4249C60","22"
"116","TRABNET128F14560AC","50"
"117","TRABNEX128F92C9DEA","27"
"118","TRABNLE128EF34B85D","1"
"119","TRABOOL128F426E836","29"
"120","TRABOXX128F92F29EB","40"
"121","TRABPAU128F429C1BD","14"
"122","TRABPGO128F931B50C","46"
"123","TRABPHE128F42A1E65","6"
"124","TRABPJW128F147295E","6"
"125","TRABPUI12903CF22CE","1"
"126","TRABQZK128F92F54F4","6"
"127","TRABRMJ128E0780E42","16"
"128","TRABRMZ128F4261DED","6"
"129","TRABRRN12903CF084B","39"
"130","TRABSAR128F42324A8","22"
"131","TRABSEN128F424AA36","22"
"132","TRABTXS128F92E2FDC","24"
"133","TRABUDK128F14943F3","42"
"134","TRABUIN128F93022FF","25"
"135","TRABUUH128F4241346","24"
"136","TRABUVN128F930633C","6"
"137","TRABUZC128E078603F","4"
"138","TRABVWG128F9359323","28"
"139","TRABWPT128F42B06CC","45"
"140","TRABXLH128F935F8E7","23"
"141","TRABXPR128F92F27FE","24"
"142","TRABXVE128F4284AFC","29"
"143","TRABYAR128F931B1A4","37"
"144","TRABYEY128F933773A","44"
"145","TRABYOS12903CC4A81","50"
"146","TRABYVN128F429E5CF","15"
"147","TRABZCL128E0789AED","49"
"148","TRABZRZ128F42628AD","28"
"149","TRACASH128F931C969","26"
"150","TRACBLO128E0784286","30"
"151","TRACBRM128F425C2C3","6"
"152","TRACBWP128C7196948","24"
"153","TRACBWQ128F92F2B91","42"
"154","TRACBWX128F92FD725","28"
"155","TRACCEJ128F93257ED","26"
"156","TRACCJA128F149A144","1"
"157","TRACCSW128F148C7C3","9"
"158","TRACCVZ128F4291A8A","32"
"159","TRACDCZ128F4285AE0","3"
"160","TRACFAP128E07862C1","8"
"161","TRACFOJ128F4253EFA","34"
"162","TRACFOV128F9340D81","34"
"163","TRACFWQ12903CF8148","17"
"164","TRACFXL128F930B28B","6"
"165","TRACFZI128E0795424","15"
"166","TRACHFO12903CB3009","13"
"167","TRACHHH128E0788A35","4"
"168","TRACHKX128F934B07A","24"
"169","TRACICJ128F14ADFB8","30"
"170","TRACISV12903D13877","38"
"171","TRACJPW128F932CA4C","3"
"172","TRACJWY12903CB7DBF","47"
"173","TRACKAP128F425B741","26"
"174","TRACKVZ128F4285793","46"
"175","TRACKWV128F934B6B0","3"
"176","TRACLHC128F9343C39","2"
"177","TRACLRS12903CE9386","13"
"178","TRACLRV128EF33FAB8","24"
"179","TRACMCG128F92CE225","3"
"180","TRACMHD128F931FB14","3"
"181","TRACMMG128F146D705","42"
"182","TRACMXG12903CA2541","50"
"183","TRACNXS128F93395BA","18"
"184","TRACNXU12903C9CDFF","47"
"185","TRACOHQ128F424C5EF","3"
"186","TRACOSS12903CE4724","3"
"187","TRACOTY128F930BCFA","15"
"188","TRACOUL128F425BDE0","23"
"189","TRACPIC128E0792500","30"
"190","TRACRON12903CB59E6","24"
"191","TRACRTS128F9300F7E","29"
"192","TRACRVJ128F14661D6","31"
"193","TRACSBL128F42480E8","48"
"194","TRACSIE128F427F98E","29"
"195","TRACSTF128F4238A87","5"
"196","TRACTHF128F4295A22","32"
"197","TRACTLX128F42A51F6","39"
"198","TRACTUH128F92C93A3","33"
"199","TRACTWW12903CB7550","45"
"200","TRACUCQ128F92FFBF7","33"
"201","TRACUCT128F422BC2F","7"
"202","TRACVBQ128E07855EE","11"
"203","TRACVFF12903CF055A","46"
"204","TRACVSS128E07846A7","16"
"205","TRACWBO128F92F322F","49"
"206","TRACWFA128F4265BDF","38"
"207","TRACWYD128F1465B4A","39"
"208","TRACXGH128F931686C","31"
"209","TRACXYU128F425EEE8","17"
"210","TRACYCJ128F9309246","21"
"211","TRACYDP128F932BC8E","3"
"212","TRACYMH12903CA01DF","2"
"213","TRACYOV128F92CB613","31"
"214","TRACZJA128F429E665","32"
"215","TRADABC128F4274FCC","6"
"216","TRADAFY128F145B77B","14"
"217","TRADAYS12903CDBE0F","26"
"218","TRADAZP12903D0A480","11"
"219","TRADBXG12903CBDEC5","14"
"220","TRADCHC128F42134B5","40"
"221","TRADCIM128F427A3A1","10"
"222","TRADCUZ128F92E6775","17"
"223","TRADDBK128F1483FF8","15"
"224","TRADDCV128F423BAB0","16"
"225","TRADDRF128F145869F","13"
"226","TRADDYJ128F4275431","6"
"227","TRADESF128F4214D8E","33"
"228","TRADFAQ128F428AC13","32"
"229","TRADFID128F4267231","38"
"230","TRADFII128F931FC9F","25"
"231","TRADFJJ128F934857E","5"
"232","TRADFOJ128F425107D","30"
"233","TRADFOQ128F9335409","5"
"234","TRADFQK128F422B492","9"
"235","TRADFXD128F424694C","10"
"236","TRADGLP128F427A172","6"
"237","TRADGWP128F42618E4","7"
"238","TRADGXI128F92EF28F","29"
"239","TRADHGK128F428A000","30"
"240","TRADHLD128F4241363","30"
"241","TRADHLI128F428FEFD","15"
"242","TRADHUZ128F148885D","17"
"243","TRADHXU12903CB4400","2"
"244","TRADJAO128F146D76E","48"
"245","TRADJGI128F148B0F6","32"
"246","TRADJHU128F425459F","3"
"247","TRADJKG12903CE049F","44"
"248","TRADJSM128F14894AA","26"
"249","TRADKAX128E0786B92","24"
"250","TRADKDX128F9320676","46"
"251","TRADKLT128F9304E1D","47"
"252","TRADLBJ128F423A031","42"
"253","TRADLYD128F92FEBFF","20"
"254","TRADMAJ128F92F566E","6"
"255","TRADMFK12903CC2478","32"
"256","TRADNRG128F4295A0E","3"
"257","TRADNRU128F428AC6D","50"
"258","TRADOAJ128F428DA46","45"
"259","TRADODV128F4283EB6","4"
"260","TRADOSF128F9338ADB","5"
"261","TRADOWO12903CD9BA2","39"
"262","TRADOZB128F42312BB","32"
"263","TRADPDI128F92EBD32","3"
"264","TRADPPX128E078B0BC","13"
"265","TRADQBK128F92E8B5F","29"
"266","TRADQJL128F92D9957","45"
"267","TRADRED12903CA4B7C","15"
"268","TRADRHX12903CCD1DF","23"
"269","TRADRJK128E078F041","50"
"270","TRADRNN128F92F7172","4"
"271","TRADROR128F42936A4","25"
"272","TRADSQZ128F42707D7","48"
"273","TRADSVJ12903C9CDFA","45"
"274","TRADTID128F9305BC4","17"
"275","TRADUKH128F4256D1B","37"
"276","TRADUOU12903CF4323","45"
"277","TRADVSU128E0786371","29"
"278","TRADWAU128F145622F","48"
"279","TRADWOB12903C9D1EB","22"
"280","TRADXCF128EF357134","39"
"281","TRADXCO128F426B26D","17"
"282","TRADXMA128F4276D94","4"
"283","TRADXNV128F42B4DFE","4"
"284","TRADYJM128F427E05B","5"
"285","TRADYQK128F42A762A","25"
"286","TRADZQV128F14A5760","23"
"287","TRADZXK128F429DB92","4"
"288","TRADZZP128F428BCE6","43"
"289","TRAEADK128F4270AA6","3"
"290","TRAEARU128E0781A02","21"
"291","TRAEASY128F148247C","17"
"292","TRAEAZV12903D0CBA6","9"
"293","TRAEBXS128F429933A","36"
"294","TRAECBR128F429F8C0","45"
"295","TRAECSU128F426A84A","34"
"296","TRAECWI128F4226133","25"
"297","TRAEDXO128F421B908","3"
"298","TRAEDYD128F425A868","11"
"299","TRAEFDK128F1473B92","40"
"300","TRAEFON128E078C6F8","46"
"301","TRAEFUS12903CC2779","29"
"302","TRAEGAZ128F426240C","17"
"303","TRAEGGV128F92F29B2","11"
"304","TRAEGUL128E078B0C1","3"
"305","TRAEHNA128F423786C","1"
"306","TRAEHOI12903CD02C8","36"
"307","TRAEHTU128F93353E5","5"
"308","TRAEHXW128F146F3C5","47"
"309","TRAEHYF128F148AE0C","48"
"310","TRAEIIO128F92E08FD","45"
"311","TRAEJPC12903CD420E","16"
"312","TRAELHH128F92CF21E","17"
"313","TRAEMDH128F146B548","6"
"314","TRAEMGL128F4266177","17"
"315","TRAEMNZ128F9334662","46"
"316","TRAEMTU128EF363016","37"
"317","TRAEMXB128F429FA26","43"
"318","TRAEMZO12903CC525F","29"
"319","TRAENGX12903CBDFF6","13"
"320","TRAENOH128F933978A","5"
"321","TRAENVO128E0781A16","25"
"322","TRAENYD128F424AA32","30"
"323","TRAEOBA12903CAFAB0","39"
"324","TRAEOGO128F93302B9","8"
"325","TRAEOMS128F4262357","46"
"326","TRAEOOH128F934ACD4","49"
"327","TRAEOUE128F93187B9","3"
"328","TRAEPAC12903CE5DC8","46"
"329","TRAEPAW128F4285BAB","18"
"330","TRAEPGH128F9343CD8","5"
"331","TRAEPGQ128F932AE6D","2"
"332","TRAEPPP128F92F11E8","9"
"333","TRAEPZJ12903CB00C4","3"
"334","TRAEQQE128F42920E3","45"
"335","TRAEQWJ12903CF5475","5"
"336","TRAEQZR128F92E9D73","9"
"337","TRAEROB12903CE3E7D","21"
"338","TRAERPT128F931103E","44"
"339","TRAESDC12903CCEA5E","45"
"340","TRAESJK128E0792227","11"
"341","TRAESQE128F92D0349","28"
"342","TRAESRT12903CC70CE","5"
"343","TRAETAG128F93385AE","17"
"344","TRAETPQ128F92E562A","6"
"345","TRAETTV12903CBBD09","43"
"346","TRAETYC128F933BBF4","17"
"347","TRAEUHN128F92E2C7F","44"
"348","TRAEUIW12903D018F0","34"
"349","TRAEUVH128F422559A","6"
"350","TRAEVHU128F92D9EA0","47"
"351","TRAEVIA12903CC3C37","26"
"352","TRAEVLO128F933DE9E","21"
"353","TRAEVRI128F93608F3","29"
"354","TRAEVRU128F4263351","39"
"355","TRAEVTK128F9337030","24"
"356","TRAEWHH128F428F3AB","15"
"357","TRAEWLF128F42B1F89","30"
"358","TRAEXEA128F933C67D","33"
"359","TRAEXHW128F92E2602","8"
"360","TRAEXTM128E07811E1","42"
"361","TRAEZFJ128F422A5C0","21"
"362","TRAFAAS12903CF0BE2","28"
"363","TRAFABO128F933DE53","6"
"364","TRAFAID128F4243DAF","12"
"365","TRAFAJC128E078888B","16"
"366","TRAFAQY12903CA70F7","25"
"367","TRAFBML128F93163FB","28"
"368","TRAFBVU128F426B3F6","3"
"369","TRAFCVI128C7196BE6","29"
"370","TRAFCWJ128F42515AE","32"
"371","TRAFDFD128F14B07AB","49"
"372","TRAFEEO12903CFEC87","3"
"373","TRAFEPC128F4237505","25"
"374","TRAFGKU128F42889EF","6"
"375","TRAFGMJ128F930F532","37"
"376","TRAFGYR128F930F410","45"
"377","TRAFHJI128F9302CFF","40"
"378","TRAFHKA128F429F7C0","23"
"379","TRAFHWP128F9333343","6"
"380","TRAFIGU12903CC70C2","6"
"381","TRAFIHK12903CBDFF1","46"
"382","TRAFIQB128F423DCBA","40"
"383","TRAFISG128F4263F8A","40"
"384","TRAFJIW128E078E1DE","45"
"385","TRAFJVH128F42BC25E","4"
"386","TRAFKDG12903CAB85C","24"
"387","TRAFKRE128F932002B","34"
"388","TRAFLMU128F4274A4D","4"
"389","TRAFLZY128F148959F","28"
"390","TRAFMHB12903CF4F12","13"
"391","TRAFMIA128F92E2B2B","48"
"392","TRAFMME128F932B4D5","47"
"393","TRAFMPX128F4246C49","37"
"394","TRAFNNT128F92E4E81","39"
"395","TRAFOKY128F4276D91","47"
"396","TRAFOKY128F92ED751","26"
"397","TRAFQFD128F9343706","37"
"398","TRAFQFM128E078EC97","28"
"399","TRAFQVV128F4260033","28"
"400","TRAFRCH12903CEA22D","32"
"401","TRAFRKU128F933CE16","43"
"402","TRAFRVU128F42649A6","44"
"403","TRAFRYJ128F92E638B","32"
"404","TRAFSLJ128F14913B0","26"
"405","TRAFTCT128F425A900","30"
"406","TRAFTFF128F930F77C","34"
"407","TRAFTMA128F933A3D7","6"
"408","TRAFTOE12903CF3F5E","17"
"409","TRAFUWI128F934C730","3"
"410","TRAFVDV128F42936BA","32"
"411","TRAFWEV128F428D391","31"
"412","TRAFWRG128F4295089","24"
"413","TRAFXCP128F93182DD","14"
"414","TRAFXEY128F148AECD","46"
"415","TRAFXZW128F14B0914","48"
"416","TRAFYAV128F42ACA8C","17"
"417","TRAFYGA128F425A92C","31"
"418","TRAFYGO128F42727E7","46"
"419","TRAFYYU128F4229376","3"
"420","TRAFZHK128F145E86B","42"
"421","TRAFZIM128F427D344","19"
"422","TRAFZRL128F428E465","7"
"423","TRAGAAF128F9338911","13"
"424","TRAGAGQ128E0781352","21"
"425","TRAGALM128F4236C86","48"
"426","TRAGANK128F428A5CD","47"
"427","TRAGAVF128F424829B","24"
"428","TRAGBHV128F4295074","24"
"429","TRAGBND128F92FC400","17"
"430","TRAGBOR128F92E1064","3"
"431","TRAGBPI128E0792998","13"
"432","TRAGCSY128F14546B1","33"
"433","TRAGCTZ128F4290974","45"
"434","TRAGDCN128F92F9050","13"
"435","TRAGDEA128F4279040","5"
"436","TRAGDFG128F42934A0","45"
"437","TRAGDLM128F4233397","6"
"438","TRAGDPH128F9344020","49"
"439","TRAGDPS128F145F8EE","31"
"440","TRAGDRH128F93182E1","14"
"441","TRAGDVU12903CDCD8B","47"
"442","TRAGEAS128F4258B9E","45"
"443","TRAGEQI128F429154D","3"
"444","TRAGETA128F4272C38","5"
"445","TRAGEXH12903CB4C10","45"
"446","TRAGFOI128F428E060","3"
"447","TRAGFQG128F42418D5","11"
"448","TRAGFVT128F92ECB5D","32"
"449","TRAGGKN12903CCA8EE","11"
"450","TRAGGMY12903CD9533","2"
"451","TRAGGVS128F4250CE8","3"
"452","TRAGHBP128E0793AF7","49"
"453","TRAGHJX128F426F76F","22"
"454","TRAGIKK128F42424EF","34"
"455","TRAGJPA128F92F9665","3"
"456","TRAGJQL128E078E840","9"
"457","TRAGJYM128F934B753","18"
"458","TRAGKMU128F429757E","18"
"459","TRAGKMU128F9305831","16"
"460","TRAGKTN128F933C68B","23"
"461","TRAGKUI128F92F4698","25"
"462","TRAGKXH128F933D9BB","32"
"463","TRAGLAE12903CFFEED","3"
"464","TRAGLFE128F428566B","17"
"465","TRAGLHT12903CCDB86","17"
"466","TRAGLKL12903CEDE95","46"
"467","TRAGLMS128F425FE0A","22"
"468","TRAGLSU128F145FFB2","25"
"469","TRAGLZM128F931C995","44"
"470","TRAGMXK128F9305A50","6"
"471","TRAGNAX128F9313AE8","46"
"472","TRAGNBQ128F149CB93","10"
"473","TRAGNFZ12903CD04C2","49"
"474","TRAGNGY12903C9CD76","23"
"475","TRAGNUI128F1471068","31"
"476","TRAGOVG128F42A963D","48"
"477","TRAGPAF128EF34542A","28"
"478","TRAGPEA128F422B47E","24"
"479","TRAGPMR128F930C0D8","31"
"480","TRAGPZS128F9332248","7"
"481","TRAGQBY128F42635B7","47"
"482","TRAGQQK128F42561AB","1"
"483","TRAGQVO128F145C0AF","40"
"484","TRAGROY128F92D2C53","18"
"485","TRAGSGF128E0780CA7","23"
"486","TRAGSIX128F92E0933","3"
"487","TRAGSJK128F1491F0A","34"
"488","TRAGSJQ128F149EF8D","30"
"489","TRAGSZA128F146A11A","24"
"490","TRAGTNK128F14732E1","7"
"491","TRAGTUF128F42297F1","4"
"492","TRAGVAO128F4289B5D","4"
"493","TRAGVGB128F423098D","47"
"494","TRAGVRL128F4264526","33"
"495","TRAGWDA128F1473193","46"
"496","TRAGWJK12903CE640F","40"
"497","TRAGWMO12903CFD994","34"
"498","TRAGWTT128F148CF2C","29"
"499","TRAGXNU128F932C7D8","1"
"500","TRAGXUZ128F9311745","45"
"501","TRAGYDZ12903D0957F","45"
"502","TRAGYJM128EF3466D2","44"
"503","TRAGYKT128F92F5D8A","6"
"504","TRAGYXL128F92F9FCB","46"
"505","TRAGZCW128EF34B85B","17"
"506","TRAGZHM12903CAEF3A","6"
"507","TRAGZOK128F14ADF45","25"
"508","TRAHBOC128F9322A62","31"
"509","TRAHBOV128F92EF77A","3"
"510","TRAHBQT128F4213403","3"
"511","TRAHCBD128F9336A3E","35"
"512","TRAHCHN128F4276D58","6"
"513","TRAHCRI128F4255C6E","12"
"514","TRAHCVT128F4282806","3"
"515","TRAHEQC128F42153D6","6"
"516","TRAHFAH12903CA7F20","9"
"517","TRAHFCR128F422A375","17"
"518","TRAHFHR12903CCCAF8","21"
"519","TRAHFOU128F42B3F2A","4"
"520","TRAHFYH128F92CE223","3"
"521","TRAHHMV12903CD0B0D","12"
"522","TRAHHSV128F42374E3","30"
"523","TRAHIJE128F4243356","48"
"524","TRAHIPA128F4279744","22"
"525","TRAHIXN128F147F25D","16"
"526","TRAHJCI128F92FFB38","10"
"527","TRAHJPC128F4268DC7","6"
"528","TRAHKMS128F934B09E","3"
"529","TRAHKRO128F9320EA7","3"
"530","TRAHKUS128F425ABD8","30"
"531","TRAHLDM128F933A3B1","5"
"532","TRAHLIF128F92E9CCF","33"
"533","TRAHLNJ128F4214527","6"
"534","TRAHLVW128F426684F","6"
"535","TRAHMIV128F14693DC","29"
"536","TRAHNPU128F42AEE9C","50"
"537","TRAHOOP128F42B62AB","4"
"538","TRAHORF12903CDA9FB","13"
"539","TRAHPBE128F93071CF","21"
"540","TRAHPHY128F9345BA0","39"
"541","TRAHQYK128F426A82F","22"
"542","TRAHRRS128F4282F7A","32"
"543","TRAHSAW128F4253EFC","9"
"544","TRAHSQL128F4288AC7","4"
"545","TRAHSTL128F931708D","3"
"546","TRAHTZN128F421A41F","15"
"547","TRAHUQT128F4281228","34"
"548","TRAHUZS12903C9D9DD","24"
"549","TRAHVUK128F1456988","38"
"550","TRAHVWT128F148D428","11"
"551","TRAHVZW128F146477A","29"
"552","TRAHWBP12903CAEBFC","3"
"553","TRAHWMN128F145DB77","6"
"554","TRAHWSF128F934B190","34"
"555","TRAHXEG128F428F1EC","49"
"556","TRAHXGG128F9350452","2"
"557","TRAHXJE12903CB8095","27"
"558","TRAHXWI128F428B7DA","32"
"559","TRAHYDH128F9325200","28"
"560","TRAHYMJ128E0787801","11"
"561","TRAHYON12903CC36EF","31"
"562","TRAHZIL12903CF1DC2","13"
"563","TRAHZMM128E07838FF","2"
"564","TRAIACZ128F428C60A","26"
"565","TRAIAIH128F9308AC7","5"
"566","TRAIAJU128F42581EF","3"
"567","TRAIATD128F9331CD6","46"
"568","TRAIBXJ128F4260700","11"
"569","TRAIBXQ128F425E6A5","33"
"570","TRAICIL128F42598E2","24"
"571","TRAICIO12903CBD65B","34"
"572","TRAICJQ12903CF2681","30"
"573","TRAIDIU128F92F11C7","12"
"574","TRAIELD128F92DC682","40"
"575","TRAIFSM128F42722F1","15"
"576","TRAIGSC128F933BBD7","17"
"577","TRAIGYC128F93474E4","6"
"578","TRAIHFF128EF351817","26"
"579","TRAIHZO12903CC4C78","33"
"580","TRAIIOG12903CD02C5","49"
"581","TRAIISE128F42AE299","39"
"582","TRAIJMG12903D08168","2"
"583","TRAIJWN12903CF2C76","25"
"584","TRAIKBB128F428AD73","9"
"585","TRAIKSH128E07816DF","50"
"586","TRAILKS128F14A3AC9","11"
"587","TRAILLW128F4278C90","17"
"588","TRAILNM12903CD17D2","19"
"589","TRAILUH128E0784D6D","4"
"590","TRAIMDW128F14B0B75","39"
"591","TRAINGP12903C956AD","2"
"592","TRAINIF128F426416B","12"
"593","TRAINYU128F4246BD1","3"
"594","TRAIOBB128F146A944","17"
"595","TRAIOWX128F14750E5","11"
"596","TRAIPBF12903D074F5","50"
"597","TRAIPST128F9302AE9","45"
"598","TRAIPZY128E0787299","33"
"599","TRAIQDI128F92E8E1F","46"
"600","TRAIQKO128F92E5970","45"
"601","TRAIQMW128E07854BD","32"
"602","TRAIQNF128F428386A","45"
"603","TRAIQUG128F92F946E","3"
"604","TRAIQVJ128F93235B3","36"
"605","TRAIRLU128F92D0250","13"
"606","TRAISNF128E078B72C","37"
"607","TRAISYO128E07888A6","9"
"608","TRAISYU128F427F486","26"
"609","TRAITDY128F149431C","3"
"610","TRAITHR128F42B7E26","26"
"611","TRAITRS128F9308142","45"
"612","TRAIUPS128F92F2825","3"
"613","TRAIUYZ128F425BD2F","3"
"614","TRAIVMM128F4266056","43"
"615","TRAIVVQ128F146AB17","30"
"616","TRAIWNA128F145E2CD","21"
"617","TRAIWQJ128F4287A6F","19"
"618","TRAIWZZ128F9306AFF","32"
"619","TRAIYAT128F931FEA5","41"
"620","TRAIYDL128E0791583","3"
"621","TRAIZQI128F42A51F9","39"
"622","TRAIZUC12903CBBEAC","14"
"623","TRAIZWI128F4247EFD","26"
"624","TRAJAPH128F4271357","5"
"625","TRAJAZP128F4290FF9","30"
"626","TRAJBGL128F145C7A8","21"
"627","TRAJBJG128F14A1EA1","36"
"628","TRAJBSL128F428A021","28"
"629","TRAJBTZ12903CB818C","32"
"630","TRAJCIR128F146ABA7","39"
"631","TRAJCLY128F930F893","4"
"632","TRAJDGB128F42882AC","48"
"633","TRAJDRG128F4217923","48"
"634","TRAJDTK128F429FFDF","9"
"635","TRAJEBQ128F146E00E","29"
"636","TRAJEZT128E0795DF3","25"
"637","TRAJFDU128F426A5F4","21"
"638","TRAJFFF128F429874A","2"
"639","TRAJFMH12903D052DC","5"
"640","TRAJFQF128F92E354E","24"
"641","TRAJFRJ128F9328FF1","47"
"642","TRAJGGP12903CCE582","48"
"643","TRAJHCO128F42570C1","26"
"644","TRAJHCS128F93192B5","17"
"645","TRAJHDR128F92FA863","39"
"646","TRAJHEE12903CB937A","50"
"647","TRAJHHE128F146815C","45"
"648","TRAJHYF128F1451DDF","29"
"649","TRAJIIR128F149AE01","1"
"650","TRAJIUK128F42668E6","19"
"651","TRAJJPB128F1456D6A","4"
"652","TRAJKMI128F4281107","37"
"653","TRAJLEC128F93385A1","17"
"654","TRAJLNF128F422658C","23"
"655","TRAJLOY128F92E4EAF","9"
"656","TRAJMEL128F4262B4A","11"
"657","TRAJMQE128F9322DDD","5"
"658","TRAJMZL12903CA4807","10"
"659","TRAJNFM128F42A625C","6"
"660","TRAJNWY128E078907F","15"
"661","TRAJOIH128F14B08F7","8"
"662","TRAJPIK128F1460C83","4"
"663","TRAJPIQ128F14819A8","7"
"664","TRAJPPJ128F1497140","32"
"665","TRAJPPX128F4259FD4","48"
"666","TRAJRBF12903CDCA3F","34"
"667","TRAJRTY128F426CF1F","50"
"668","TRAJSFB128F4270AED","21"
"669","TRAJSNU128F92F2AC0","29"
"670","TRAJSOQ128F92C6A6B","5"
"671","TRAJSQA128F4263330","17"
"672","TRAJSRH128F425DDC7","24"
"673","TRAJTDG128E0792698","29"
"674","TRAJTYX128F145AD24","13"
"675","TRAJUPF128F4231A2C","4"
"676","TRAJUPI128F9324529","45"
"677","TRAJXBS12903CDCE2C","3"
"678","TRAJXNB128F4261F43","45"
"679","TRAJXOF128F933407C","6"
"680","TRAJZCH128F933D2B7","43"
"681","TRAJZVL128F9342662","32"
"682","TRAJZYI128F424B412","43"
"683","TRAKAFU12903CB4234","45"
"684","TRAKAGL128F148B3B7","44"
"685","TRAKARY128F427253E","46"
"686","TRAKBON128F9311039","47"
"687","TRAKCAE128F92DACD8","17"
"688","TRAKCFG128F149D9B7","32"
"689","TRAKCNI128F427BA71","17"
"690","TRAKDCQ128F42A247A","40"
"691","TRAKDDB128F92D168A","46"
"692","TRAKDMK128F92F9AFC","16"
"693","TRAKEBX128F423A5FA","45"
"694","TRAKFSV128F4257C10","6"
"695","TRAKFYU128F4283EB5","4"
"696","TRAKGAX128F4264182","5"
"697","TRAKGDZ12903CE4867","29"
"698","TRAKGGU128F428D83C","45"
"699","TRAKHUW12903CF0048","3"
"700","TRAKHXX128E07877EB","15"
"701","TRAKHYP128E0792F07","30"
"702","TRAKIJI128F42494D1","32"
"703","TRAKJTB128F148C560","38"
"704","TRAKJYQ128F934B22E","13"
"705","TRAKKOH128F42AF40E","6"
"706","TRAKLEZ128F4270649","15"
"707","TRAKLHO128F42BA554","48"
"708","TRAKLML128E07999DA","2"
"709","TRAKMGY128F4269E37","28"
"710","TRAKMLM128F14932B0","30"
"711","TRAKMUO128F4215890","6"
"712","TRAKOAK128F4248629","19"
"713","TRAKOEB128F1478783","25"
"714","TRAKOPE128F421CE6A","16"
"715","TRAKORW128F1484DF0","12"
"716","TRAKOXF128F1477B81","24"
"717","TRAKPET128F92FD69F","45"
"718","TRAKPJC128F4258613","25"
"719","TRAKPSJ128F146BFC2","1"
"720","TRAKPSR128F146A1DC","16"
"721","TRAKPUY128F4271101","15"
"722","TRAKQEA128F1495E21","4"
"723","TRAKQFZ128F429D3C9","19"
"724","TRAKQXJ128F147A028","16"
"725","TRAKREH128F42750C6","25"
"726","TRAKRQK12903CB3006","16"
"727","TRAKRQW128F427D6E3","36"
"728","TRAKRXM128F4250E33","37"
"729","TRAKRXN128F42670BE","45"
"730","TRAKSPS128F933B3D9","17"
"731","TRAKTFQ128F145698C","11"
"732","TRAKTWZ128EF35E206","46"
"733","TRAKTZY128F148C55C","11"
"734","TRAKUJS128F14668E5","34"
"735","TRAKUKL128F4295046","6"
"736","TRAKVNJ128F932AF0F","22"
"737","TRAKVSG128EF34E609","17"
"738","TRAKWNL12903CC37B6","9"
"739","TRAKWTG128F42454E2","18"
"740","TRAKWXS128F930F798","46"
"741","TRAKWXV128F42889FB","24"
"742","TRAKWZL128F93346EE","14"
"743","TRAKXIR128F92CF85A","43"
"744","TRAKXLR128F9308F5A","45"
"745","TRAKXMS12903CB36F2","8"
"746","TRAKXPA12903CA8B1A","26"
"747","TRAKXPE128F1462FF2","43"
"748","TRAKXYJ128F42525ED","48"
"749","TRAKYON128F429470C","17"
"750","TRAKYWY128F9310CF4","48"
"751","TRAKYXS128F4248FE3","23"
"752","TRAKZHN128F426C3D2","15"
"753","TRAKZMB128F427B44F","47"
"754","TRALAHF128F4248198","46"
"755","TRALAKV12903CBD7F6","12"
"756","TRALAZG128F93170BF","6"
"757","TRALBFX12903D00703","34"
"758","TRALBIA128F4272082","8"
"759","TRALCCO12903CEBB97","42"
"760","TRALDDK128F9300AC5","30"
"761","TRALDEZ128F4265BF7","14"
"762","TRALDSB12903CB4242","3"
"763","TRALDUE128F9312AF2","48"
"764","TRALDWN128EF33FB6E","50"
"765","TRALECB128F42A35E8","24"
"766","TRALEER128F4268E6D","11"
"767","TRALENK128F92F39E9","38"
"768","TRALEPN128F9311179","10"
"769","TRALFBU12903CC030F","46"
"770","TRALFLE128F92E166E","10"
"771","TRALGCD128F42A6346","11"
"772","TRALGJT12903CC460F","4"
"773","TRALHIQ12903D00496","48"
"774","TRALHMS128F930C08C","3"
"775","TRALIHU12903CFF040","13"
"776","TRALIIP128F4246C80","2"
"777","TRALIQF128F930B7B0","14"
"778","TRALJAZ128F933DE4A","15"
"779","TRALJBT128F4266FD8","19"
"780","TRALJKN128F92C5F5E","2"
"781","TRALJVQ128F428C764","24"
"782","TRALKBS128F423BB4C","11"
"783","TRALKHJ128F92E9D36","45"
"784","TRALLAR128F933C692","13"
"785","TRALLKK128F427B064","2"
"786","TRALLOU12903CC36FE","17"
"787","TRALLQJ128F933C68A","16"
"788","TRALLQX12903CD838C","32"
"789","TRALLRJ128F428CB6F","30"
"790","TRALLSP128F148AD75","44"
"791","TRALMTD128E07862AC","11"
"792","TRALMYT12903D0954C","15"
"793","TRALNJR128F145AC96","11"
"794","TRALNOD128F4264AEB","33"
"795","TRALOBE12903CDA6C5","46"
"796","TRALOUF128F422F329","37"
"797","TRALPGW12903CAFFB5","30"
"798","TRALPKG12903CDCA8A","22"
"799","TRALPOE128F4272278","5"
"800","TRALPQV128F424F989","14"
"801","TRALQGZ128F146F500","9"
"802","TRALRKL128F427B6EB","32"
"803","TRALROP128F92CA9CC","19"
"804","TRALRPL12903CA71F2","39"
"805","TRALRTY128F428BE43","45"
"806","TRALSAJ128F92EDC84","17"
"807","TRALSOA128F4275F49","6"
"808","TRALTKQ128F932DA67","48"
"809","TRALTTR12903C9E32E","26"
"810","TRALTZZ12903CB7DD0","36"
"811","TRALUAQ128F427EB26","42"
"812","TRALULA128F932B9D0","3"
"813","TRALUTY128F9322DC0","6"
"814","TRALWDN128F1456DB7","11"
"815","TRALWLU128F428C39A","50"
"816","TRALYBV12903CBBB68","47"
"817","TRALYLQ128F42710D6","11"
"818","TRALYPO128F429C4AF","19"
"819","TRALYQN128F42624E1","2"
"820","TRALYZR128F92CDD86","6"
"821","TRALZIG12903CBCD0C","49"
"822","TRALZTM128F92EC5F0","46"
"823","TRALZXZ128F92E26EF","32"
"824","TRAMARM128E0796A50","33"
"825","TRAMBBV128F9337714","45"
"826","TRAMBFD128EF34B848","11"
"827","TRAMBHU128F425A620","19"
"828","TRAMBLO128F4287D24","11"
"829","TRAMBNF128F426FBB6","34"
"830","TRAMBPW128F9337F71","5"
"831","TRAMBTK128F42390A4","45"
"832","TRAMCGL128F92F3D87","25"
"833","TRAMCGR128F427DE28","6"
"834","TRAMCLN128F9302E27","45"
"835","TRAMCND128F1466ACF","11"
"836","TRAMDQZ128F4249913","44"
"837","TRAMDUJ12903D0728D","16"
"838","TRAMDUW12903CB5100","47"
"839","TRAMEBP12903CD7EEA","16"
"840","TRAMEDG128E07933F4","46"
"841","TRAMEEC128F9307A54","1"
"842","TRAMESI128F93509F7","37"
"843","TRAMFFW128F4263AD7","39"
"844","TRAMFHI12903CB4349","3"
"845","TRAMFRD128E07833DA","50"
"846","TRAMGAZ128F148D4C3","47"
"847","TRAMGJJ128F421487E","46"
"848","TRAMGPM128F9311196","25"
"849","TRAMGQR128E0786CA7","14"
"850","TRAMGZV128F426FAB3","32"
"851","TRAMHKC128F933DE7D","32"
"852","TRAMHMO128F93167EA","5"
"853","TRAMIGP128F9335408","6"
"854","TRAMIOX12903CB19A1","6"
"855","TRAMIUD128E07825DB","35"
"856","TRAMJUG128F429F8B2","11"
"857","TRAMKKJ128F1463612","36"
"858","TRAMLFL128F93062A0","13"
"859","TRAMLGE128F92F81DD","12"
"860","TRAMLQC128F429222A","17"
"861","TRAMLZC128F92F3EB9","33"
"862","TRAMMAF128F93051B0","20"
"863","TRAMMDM128F425EAA9","39"
"864","TRAMMFP12903CB59C2","33"
"865","TRAMMQW128F42621E1","22"
"866","TRAMNDH128F425C33D","6"
"867","TRAMNJB128F92EFDC7","1"
"868","TRAMNVF128F92DE562","1"
"869","TRAMODP128F426247B","21"
"870","TRAMOGA12903CB4421","11"
"871","TRAMOLS128F92F99E3","26"
"872","TRAMOPU128E07888FD","37"
"873","TRAMPCW128F92CC022","50"
"874","TRAMPWN128F934C221","34"
"875","TRAMRFE128F4267DF3","34"
"876","TRAMRQS12903D0FD39","9"
"877","TRAMSAY128F92ED0DD","24"
"878","TRAMSSA128F92F60D1","40"
"879","TRAMSSK128F92FDC80","29"
"880","TRAMTFQ128F9352EDB","14"
"881","TRAMTIH128F933E8E4","37"
"882","TRAMTKT128F4222C3A","30"
"883","TRAMTYX128F42985D0","30"
"884","TRAMUUZ128F933CA08","47"
"885","TRAMUYQ128F428CA58","3"
"886","TRAMVBZ12903CB2635","34"
"887","TRAMVMU128F4241923","4"
"888","TRAMVOM128F42ACB16","32"
"889","TRAMWJH128F145DBE9","47"
"890","TRAMWLL12903D119DA","30"
"891","TRAMWOH12903CA8BA0","1"
"892","TRAMXPQ128F148B0C2","8"
"893","TRANADU128F9345BC8","45"
"894","TRANAIE128F146E588","45"
"895","TRANALJ128F9318BAF","46"
"896","TRANAYD128F9322A70","27"
"897","TRANBMY128F426416A","22"
"898","TRANCCN128E0794B18","3"
"899","TRANCFS12903C9B61B","22"
"900","TRANCOH128F422F31D","2"
"901","TRANCOS128F4267DFB","48"
"902","TRANCSE128F93044F1","6"
"903","TRANDEK128F4259EBC","29"
"904","TRANEMQ128F42A10A8","30"
"905","TRANEQB128F4284978","43"
"906","TRANGCR128F148CF28","24"
"907","TRANGIY128F427FA51","21"
"908","TRANGQX128F422F1DE","34"
"909","TRANHJV128F92D819D","39"
"910","TRANIBF12903CFA420","17"
"911","TRANIHL128F42970BD","16"
"912","TRANIJQ128F4298A10","38"
"913","TRANIPA128F93151A2","22"
"914","TRANIUD12903CCE692","2"
"915","TRANIUS12903D00EC7","3"
"916","TRANIVG128F1484DED","45"
"917","TRANIWL128F4262AB0","19"
"918","TRANIWM128F1495AB7","1"
"919","TRANJMO128F425C44D","17"
"920","TRANJSV128E0799689","29"
"921","TRANJWP128F428560C","6"
"922","TRANKIL128F1476FA2","3"
"923","TRANKYM128F428B7A4","5"
"924","TRANLHL12903CF88E5","37"
"925","TRANLJA128F42A5379","31"
"926","TRANLRX128F4259030","2"
"927","TRANLSP128F14671CA","11"
"928","TRANMKA128F426C3B0","32"
"929","TRANMKF128E07995A8","3"
"930","TRANMOT128F92EFF19","30"
"931","TRANMWO128F426C41A","26"
"932","TRANNCZ128F92F1D22","30"
"933","TRANOHA128F428B1CB","44"
"934","TRANOPO128F4217958","19"
"935","TRANOXA12903CDB0ED","3"
"936","TRANPDG128F930F4FE","45"
"937","TRANPHV128F9344CC3","28"
"938","TRANPKC128F93486B9","16"
"939","TRANPLE128F9322D6F","5"
"940","TRANPUZ128F422B236","45"
"941","TRANPWV128F9341281","39"
"942","TRANPXL128F42B8FED","24"
"943","TRANQEQ128F428AD70","45"
"944","TRANQNS128F42739D1","46"
"945","TRANQQZ128E079224E","10"
"946","TRANQRQ12903CC4BBB","2"
"947","TRANREH128F93462CF","10"
"948","TRANRFB128F1481F1E","27"
"949","TRANRGP128F1465737","19"
"950","TRANRIK128F148C860","11"
"951","TRANRKN128F93127BB","2"
"952","TRANRWM128F42873F9","3"
"953","TRANSUM128F92E8DF3","9"
"954","TRANSYV128F428A00C","38"
"955","TRANTAD128F92FD042","40"
"956","TRANTAN128E078B326","49"
"957","TRANTFR128F931C7DA","37"
"958","TRANTJK128F92E5935","26"
"959","TRANTOT128F428ACD8","30"
"960","TRANULO128F422E6FE","18"
"961","TRANUME128E0789D4C","35"
"962","TRANUSB128F9343695","17"
"963","TRANUUK128E0788284","6"
"964","TRANUVH12903D1059F","6"
"965","TRANVKJ128F92F1561","47"
"966","TRANVMD128F933AC4A","34"
"967","TRANVML128F426ACB2","7"
"968","TRANVTB128F92E2C34","5"
"969","TRANVZT128F42AE134","46"
"970","TRANWBG128F934AC15","25"
"971","TRANWEM128F92D75C4","50"
"972","TRANWOF12903CB3E19","28"
"973","TRANWZE128E078EE09","41"
"974","TRANXKN128F1485A3F","9"
"975","TRANYAM12903CD9CFC","16"
"976","TRANYLM128F1477EC9","21"
"977","TRANYLR128F4271924","50"
"978","TRANYLR128F933D81F","8"
"979","TRANZIL128F42A2670","49"
"980","TRANZRO128F4278401","9"
"981","TRANZTY128F424D794","36"
"982","TRAOAPT128F426041F","6"
"983","TRAOATJ128F147FC9B","24"
"984","TRAOAVW128F9318B5A","8"
"985","TRAOBKM128F92F894E","33"
"986","TRAOBQP12903CC4A7B","37"
"987","TRAOCOE128F4276D18","13"
"988","TRAOCPF128F4297319","4"
"989","TRAOCSE128F4282321","2"
"990","TRAOCSX128F92FDD48","14"
"991","TRAODEJ12903CC4C53","48"
"992","TRAOEAQ12903CC26BD","30"
"993","TRAOEQO128E0785439","37"
"994","TRAOETQ128F92F9C27","32"
"995","TRAOFJS12903CF3F3D","17"
"996","TRAOHJU128E0780CD2","31"
"997","TRAOHNR128F428CD58","47"
"998","TRAOIYM12903CDEF1E","12"
"999","TRAOJED128F42361E6","5"
"1000","TRAOJEW128F4294CBD","50"
"1001","TRAOJMY128E07836D9","46"
"1002","TRAOJNB128F147C52F","26"
"1003","TRAOJZC128F14932D5","45"
"1004","TRAOKSC128F4264989","40"
"1005","TRAOKVW128F429D82A","26"
"1006","TRAOKXG128F4232497","16"
"1007","TRAOLGV12903CB4229","30"
"1008","TRAOLOX128F422F02B","43"
"1009","TRAOLUA128F422BB1D","42"
"1010","TRAOMDT12903CF73C3","45"
"1011","TRAOMKV128F428CD51","11"
"1012","TRAOMMU128F933878B","45"
"1013","TRAOMVL128F14662F1","6"
"1014","TRAONNA128F4268CCA","4"
"1015","TRAONPF128F42480A7","33"
"1016","TRAONYI128F9324BA3","17"
"1017","TRAOOHM128F1453E33","4"
"1018","TRAOORD12903CCD128","33"
"1019","TRAOREE128F934DB89","11"
"1020","TRAORSC128F4235056","44"
"1021","TRAOSDM128F93085C0","25"
"1022","TRAOSFC128F42618F6","23"
"1023","TRAOUOI128F4290E44","50"
"1024","TRAOVDM128F42BAA66","6"
"1025","TRAOWBP128F4257C64","37"
"1026","TRAOWXO128E0783F68","45"
"1027","TRAOXCO128F147830B","46"
"1028","TRAOXEU128F4299BE5","46"
"1029","TRAOXSN128F4282FB5","6"
"1030","TRAOXWF128E0790985","26"
"1031","TRAOXXW128F92E8C86","49"
"1032","TRAOYHS128F427EF8B","48"
"1033","TRAOZEJ128F428CCEA","11"
"1034","TRAOZPS128F93369C3","40"
"1035","TRAPAES128E0786E60","14"
"1036","TRAPASL128F422BC00","37"
"1037","TRAPAZE128F4233355","25"
"1038","TRAPCHT128F4239830","29"
"1039","TRAPCIQ128F4241A74","3"
"1040","TRAPCNK128F427D7B5","34"
"1041","TRAPDIH128F426DE71","6"
"1042","TRAPDIO128F933C680","43"
"1043","TRAPDOI128F9327982","32"
"1044","TRAPDQG128F93018C0","3"
"1045","TRAPEBL128F149E768","24"
"1046","TRAPEHR128E0786D5A","31"
"1047","TRAPEIN128E078892E","34"
"1048","TRAPEPB128E07861CC","38"
"1049","TRAPEPI128F4226DDD","17"
"1050","TRAPESV128F92FE5E9","26"
"1051","TRAPFGD128F4274B46","17"
"1052","TRAPFIP128F42AC31E","9"
"1053","TRAPFRM128F933A19B","5"
"1054","TRAPFXX128E0785EBA","49"
"1055","TRAPGCJ128F428CCD9","34"
"1056","TRAPGFN12903CB5BAC","45"
"1057","TRAPGKY128F42972A9","34"
"1058","TRAPGOC128F932F01A","24"
"1059","TRAPGOZ128F933A945","18"
"1060","TRAPGYN128F92C40CC","24"
"1061","TRAPHAH128F42677A4","12"
"1062","TRAPHDI128F92F5EA1","1"
"1063","TRAPHZT128F147A02B","16"
"1064","TRAPIIR128F42AEE95","43"
"1065","TRAPIJO128EF3681CA","18"
"1066","TRAPIPG128F42521C6","5"
"1067","TRAPISC128F14671D3","11"
"1068","TRAPJFL128F42AA7B4","45"
"1069","TRAPJLL128F92EC0E1","14"
"1070","TRAPJPD128F14572B3","30"
"1071","TRAPKBI128F92F9D33","42"
"1072","TRAPKSE128F42AB9FB","45"
"1073","TRAPLET128F145B049","13"
"1074","TRAPLMD128F932FF43","3"
"1075","TRAPMRB128E078E21E","4"
"1076","TRAPMRV128F92F5F4C","7"
"1077","TRAPMTM128F425B4E5","32"
"1078","TRAPMTY128F1459DA1","26"
"1079","TRAPMYO128F14903F5","22"
"1080","TRAPNII12903CEA4F8","26"
"1081","TRAPNOO128F423660C","16"
"1082","TRAPNQZ128F145B04E","16"
"1083","TRAPNYN128F4277985","32"
"1084","TRAPOEA12903CDBB5F","50"
"1085","TRAPOYU128F42644C3","45"
"1086","TRAPPUJ128F931B3D1","14"
"1087","TRAPPUN128F429400B","21"
"1088","TRAPQBU128F934C32D","3"
"1089","TRAPQLQ128F92DA284","6"
"1090","TRAPQNA128F93000EB","30"
"1091","TRAPQQI128F1460D64","20"
"1092","TRAPQYF128F14B1051","48"
"1093","TRAPQZO12903CFA319","9"
"1094","TRAPREX128F145DAD0","47"
"1095","TRAPRQZ128F427E188","47"
"1096","TRAPSHW128F14560A6","7"
"1097","TRAPSJN128F422AF18","30"
"1098","TRAPSMF12903CD05E7","26"
"1099","TRAPSZU128E0785BD2","35"
"1100","TRAPTHJ128F92C70D6","26"
"1101","TRAPTRH128F4271659","24"
"1102","TRAPUFL128F425A8F9","50"
"1103","TRAPVBP128F9308A86","6"
"1104","TRAPVDC128F422C711","3"
"1105","TRAPVFO128F9347D5B","6"
"1106","TRAPVGB128F42725AF","16"
"1107","TRAPVRU128F9302300","34"
"1108","TRAPVXU128F149E7CD","3"
"1109","TRAPVYD12903CE0269","30"
"1110","TRAPYCR128F4289604","16"
"1111","TRAPYML128F423DF98","48"
"1112","TRAPYVH128F428CFD7","44"
"1113","TRAPZJQ128F428A022","25"
"1114","TRAPZLI128F92DB0CD","14"
"1115","TRAPZQI128F428CF18","36"
"1116","TRAPZYB128F9309217","5"
"1117","TRAPZZJ12903CC5190","26"
"1118","TRAQACB128F4263F7B","16"
"1119","TRAQAIW12903C9B61E","30"
"1120","TRAQAMG128F934AED9","16"
"1121","TRAQBRP128F92DFCEF","47"
"1122","TRAQBVO128F425D1F9","6"
"1123","TRAQCFH128F92FE30F","1"
"1124","TRAQCXM128F4230BAD","13"
"1125","TRAQDBO128F92ED2AC","14"
"1126","TRAQDSN128F42934A2","16"
"1127","TRAQDYJ128F14989F8","50"
"1128","TRAQDZZ128F42AF66A","4"
"1129","TRAQEKD128F425293D","2"
"1130","TRAQEOG128F9353981","48"
"1131","TRAQEOP12903CA65E2","6"
"1132","TRAQEUQ128F425282E","25"
"1133","TRAQEVV128EF34E413","22"
"1134","TRAQGLM128EF356DEA","18"
"1135","TRAQGMY128F425A2F5","43"
"1136","TRAQGNV128C7196894","45"
"1137","TRAQHCG128E07951DA","2"
"1138","TRAQHHV128F92E0787","48"
"1139","TRAQHWF128F146FF11","22"
"1140","TRAQIQP128E079505F","42"
"1141","TRAQITZ128F4265E0E","22"
"1142","TRAQJFK128F428508A","13"
"1143","TRAQJMP128F92E3821","46"
"1144","TRAQJOE128F92F1D58","37"
"1145","TRAQKPR128F427DDF8","17"
"1146","TRAQKVC128F425E65C","3"
"1147","TRAQLIE128F931C3F3","50"
"1148","TRAQLOD128F145EC9D","6"
"1149","TRAQMNB12903CDD58F","22"
"1150","TRAQMWP12903CAC06F","50"
"1151","TRAQNEC128F14ADF01","30"
"1152","TRAQNMM12903D00407","32"
"1153","TRAQOXO128F42636BD","15"
"1154","TRAQPFR12903CC26CF","22"
"1155","TRAQPHD128F4226E5E","7"
"1156","TRAQPKX128F428146D","49"
"1157","TRAQQHJ128F9345DC3","9"
"1158","TRAQQOG128F934B0A1","3"
"1159","TRAQQUC128F9314732","3"
"1160","TRAQQVR128F4255A3A","25"
"1161","TRAQRFD128F9322DE6","6"
"1162","TRAQRFN128F93071EA","50"
"1163","TRAQRRD128F425F8E7","17"
"1164","TRAQSEG128F9327EB9","46"
"1165","TRAQSPU128F422146B","26"
"1166","TRAQSWI128F9343039","21"
"1167","TRAQTBF12903CCC1B7","40"
"1168","TRAQTKV128F427BFA5","18"
"1169","TRAQTOS128F428E94B","25"
"1170","TRAQTRL128F428C2AF","39"
"1171","TRAQTYT12903D134AC","45"
"1172","TRAQUWF128E07924E4","4"
"1173","TRAQVDI128F42969C8","30"
"1174","TRAQVJM128F9310F20","32"
"1175","TRAQVOG128F9340E58","2"
"1176","TRAQVUG128F4286DE3","36"
"1177","TRAQXJY12903CF3A0E","29"
"1178","TRAQXKZ128F429D175","25"
"1179","TRAQYFL12903D138CF","5"
"1180","TRAQYOC128F9341CDC","4"
"1181","TRAQYUA128F428742F","33"
"1182","TRAQYXL128F425EA21","29"
"1183","TRAQYZI128F4273CF3","44"
"1184","TRAQYZO128F930BC98","33"
"1185","TRAQZPC12903CDE0D5","13"
"1186","TRAQZWH128F934B093","13"
"1187","TRARANL128F1478789","26"
"1188","TRARAZI128F427F3B4","5"
"1189","TRARBBK128F427ED68","17"
"1190","TRARBFC128EF3500F8","38"
"1191","TRARBGM12903CC5026","26"
"1192","TRARBJW128E0788A1A","21"
"1193","TRARBVD128F4239284","20"
"1194","TRARBYC128F92CEF3C","1"
"1195","TRARCNN12903CD5262","15"
"1196","TRARCNT12903CC4767","32"
"1197","TRARDJY128F14750EA","29"
"1198","TRARDUI12903CBF6B6","14"
"1199","TRAREDZ12903CFB6E3","7"
"1200","TRAREGG128F425A5D8","30"
"1201","TRARFAZ128F93481AD","1"
"1202","TRARFKP12903CF5DF1","3"
"1203","TRARFQL128F931E523","28"
"1204","TRARFQY12903CA07B6","22"
"1205","TRARFXI128F1468CE3","20"
"1206","TRARHCB128F148D1B0","31"
"1207","TRARHFF128F933D378","24"
"1208","TRARIIY128F147187D","46"
"1209","TRARIMP128F933D217","31"
"1210","TRARINE128F4280B9C","24"
"1211","TRARIRG128F147FC96","24"
"1212","TRARIZK128F92FF27A","43"
"1213","TRARJEK128F930B3AA","45"
"1214","TRARJPL128F931C7D2","48"
"1215","TRARKEH128F1463CB2","8"
"1216","TRARKGW128F92EB8F9","32"
"1217","TRARKRC128E0791D82","18"
"1218","TRARLGD128F93119C1","19"
"1219","TRARLTG12903CF06FD","14"
"1220","TRARMHA128F92E7D32","7"
"1221","TRARMLZ128F9330684","36"
"1222","TRARMUI128F147162F","18"
"1223","TRARMUZ128F14AA0EA","43"
"1224","TRARMWA128F424147D","37"
"1225","TRARMYQ128F149F18A","46"
"1226","TRARNZA128F424EC6A","44"
"1227","TRARODV128F1460DBC","16"
"1228","TRAROPS128F92F09A5","26"
"1229","TRAROQC128F4273979","6"
"1230","TRARPCK128F92FEA7F","15"
"1231","TRARPGY128F425D48D","20"
"1232","TRARPTJ12903CE2898","37"
"1233","TRARPZT128F932AD66","43"
"1234","TRARQSD128F427E2AA","42"
"1235","TRARQWJ128F92E9CCA","21"
"1236","TRARRJL128F92DED0E","17"
"1237","TRARRQO128F427B5F5","34"
"1238","TRARRWA128F42A0195","16"
"1239","TRARRZU128F4253CA2","17"
"1240","TRARSAM128F4256E04","3"
"1241","TRARSAW12903C9EDEB","49"
"1242","TRARSKA128F9336A04","23"
"1243","TRARSZV12903CDB2DE","24"
"1244","TRARTBH128F93087A4","43"
"1245","TRARTJL128F92CB44B","40"
"1246","TRARTSA128F4291550","42"
"1247","TRARUOP12903CF2384","16"
"1248","TRARURM128F931A91B","3"
"1249","TRARUTP128E0797FC7","18"
"1250","TRARVZG128F1497359","38"
"1251","TRARWLR128F4256B07","49"
"1252","TRARXIT128F423DC97","2"
"1253","TRARXMV128F92F59C8","14"
"1254","TRARXVP12903CF39FE","11"
"1255","TRARYCL128F1456224","45"
"1256","TRASAEN128F4266178","17"
"1257","TRASAIH128F931F567","39"
"1258","TRASAQI128F426EEA3","16"
"1259","TRASARO128F145E40F","34"
"1260","TRASBZK128F42692CA","7"
"1261","TRASCAU128E078FB37","11"
"1262","TRASCMB128F422B871","12"
"1263","TRASCWR12903CCC575","49"
"1264","TRASDGG128F933EDE2","16"
"1265","TRASDRJ128F428B1A7","32"
"1266","TRASDYA128F425E84F","48"
"1267","TRASGGA128F92E8BF8","40"
"1268","TRASGKM128F42644C5","40"
"1269","TRASGLA128F147F4F6","37"
"1270","TRASGLV128F42390CA","39"
"1271","TRASGMH128F14B04A3","13"
"1272","TRASGOE128F42328B4","6"
"1273","TRASHSN12903CA9E34","2"
"1274","TRASIKP128F423EED7","17"
"1275","TRASIKR128F9308AD7","6"
"1276","TRASIVA128F933DB52","32"
"1277","TRASIWA12903CFFC4D","35"
"1278","TRASJIY128F149998B","8"
"1279","TRASJRH12903CF2689","3"
"1280","TRASKII128F92FA33E","32"
"1281","TRASKUE128F1478ECF","3"
"1282","TRASLHI128EF343C84","7"
"1283","TRASLVK128F935046C","5"
"1284","TRASLVU128F933B160","37"
"1285","TRASMER128F4272C1D","5"
"1286","TRASMWP128F92CE9CE","26"
"1287","TRASNDM128F92E17E7","19"
"1288","TRASODE128F930F19A","32"
"1289","TRASOQC12903CFFED7","29"
"1290","TRASPAS128E078DFB3","2"
"1291","TRASPZQ128F933BBDA","17"
"1292","TRASQCW12903CA07D9","49"
"1293","TRASQIB128F426693D","26"
"1294","TRASRBB128F42AFD5C","9"
"1295","TRASSXN128F4261DF1","6"
"1296","TRASSZI128F146EC5F","45"
"1297","TRASSZL128F428FA5D","6"
"1298","TRASTBU12903CC3EA8","5"
"1299","TRASTOM12903CBE8A6","48"
"1300","TRASTZY128F145B055","12"
"1301","TRASUJK128E0789C12","9"
"1302","TRASVNS128E07855BF","42"
"1303","TRASVXI12903CF98CD","3"
"1304","TRASWIV128E0788A84","30"
"1305","TRASWKJ128E0792FE7","39"
"1306","TRASWSO12903CBE857","46"
"1307","TRASWVM12903CA5601","35"
"1308","TRASXHB128F933D3BD","22"
"1309","TRASXSI128F9345EA2","46"
"1310","TRASXYB128F428DFF3","40"
"1311","TRASXZE128F427F156","30"
"1312","TRASYIH12903D08529","49"
"1313","TRASYQQ128F425092B","28"
"1314","TRASYSY128F92F39F5","38"
"1315","TRASYVP12903D09590","46"
"1316","TRASYWM128F14804A5","9"
"1317","TRASZQB12903CAAE1B","33"
"1318","TRASZSF128F428B8F3","45"
"1319","TRATAIB128F92E81CB","34"
"1320","TRATBGP128F1482545","11"
"1321","TRATBNG128F92CADA8","6"
"1322","TRATBVA128F9312ACC","33"
"1323","TRATBWX128F427D343","24"
"1324","TRATCAZ128F4284985","46"
"1325","TRATCDG128F932B4D2","16"
"1326","TRATCLI128F422BCF8","37"
"1327","TRATCOE128F145F694","6"
"1328","TRATCUY128F9308A38","28"
"1329","TRATDDF128F4294E6A","6"
"1330","TRATDDM128F93417AF","6"
"1331","TRATDIZ128F4242796","6"
"1332","TRATDLH128F93384B0","43"
"1333","TRATESL128F92F12DF","37"
"1334","TRATFEN128F14A3A6E","40"
"1335","TRATGQO128F421B850","3"
"1336","TRATGTP128F427021D","24"
"1337","TRATHFM128F148ADD4","39"
"1338","TRATHTH128F42BC347","36"
"1339","TRATHVA128F9322A79","25"
"1340","TRATIRE128F42A667F","29"
"1341","TRATIUD128F930620F","26"
"1342","TRATJSR128F4266791","4"
"1343","TRATJXC128F93124CE","9"
"1344","TRATKAA128F426E8A0","32"
"1345","TRATKXV128F92D0480","34"
"1346","TRATLOJ128F9308ABB","5"
"1347","TRATMAL128F427EC8D","17"
"1348","TRATMDD12903D11C7A","49"
"1349","TRATMFC12903CC8D96","31"
"1350","TRATNHC12903CFA949","9"
"1351","TRATNKU128F92F60C1","16"
"1352","TRATNMX128F427C2FC","50"
"1353","TRATOHC128EF3460DA","46"
"1354","TRATQDK128F1489B3E","29"
"1355","TRATQSL128F932E2ED","3"
"1356","TRATQUI128F9347C68","43"
"1357","TRATRMZ128F42A9AAC","32"
"1358","TRATTAF128F147CA09","6"
"1359","TRATTNI128E0799697","16"
"1360","TRATUPO128F9305A5C","4"
"1361","TRATUQR128F422F34D","13"
"1362","TRATWUD128F9309671","26"
"1363","TRATWYC12903CE60D6","34"
"1364","TRATXSW128F4243364","8"
"1365","TRATYJI128F4255D27","33"
"1366","TRATZQS128F1467D4B","26"
"1367","TRAUBMP128F9307E1C","2"
"1368","TRAUCRP128F931364D","4"
"1369","TRAUCZX128F149D9AE","39"
"1370","TRAUDRC128F148D15E","43"
"1371","TRAUEIZ128F14AE167","37"
"1372","TRAUEWN128F932C32C","47"
"1373","TRAUEYX12903CEAF48","37"
"1374","TRAUFDN128E07926A5","4"
"1375","TRAUFLM128F42AECDC","11"
"1376","TRAUFZY12903CD738A","44"
"1377","TRAUGLZ128F14AE500","3"
"1378","TRAUGQI128F4295BD1","42"
"1379","TRAUGRD128F425E997","49"
"1380","TRAUGYG128F428A174","10"
"1381","TRAUHXR12903CBDFE4","33"
"1382","TRAUIBK128F9345A79","37"
"1383","TRAUIHC128F427EEF9","30"
"1384","TRAUIMO128F147C31C","34"
"1385","TRAUJLJ128E0784E7C","31"
"1386","TRAUJOU128F9325DE7","37"
"1387","TRAUJPQ128F930D4C5","37"
"1388","TRAUJTZ12903CF7BB4","15"
"1389","TRAUJVM128F422C5A2","15"
"1390","TRAUKJZ128F9335412","6"
"1391","TRAULEG128F92F035B","6"
"1392","TRAULGT12903D10B94","12"
"1393","TRAULJK128F4294B58","6"
"1394","TRAUMIX12903CE640C","40"
"1395","TRAUMMP12903C9D5C4","39"
"1396","TRAUMNH128F92FB67F","12"
"1397","TRAUNEL128F1467D5C","43"
"1398","TRAUNNH12903CB038C","3"
"1399","TRAUNPM12903CB7CCC","3"
"1400","TRAUOAA128F4245ECF","50"
"1401","TRAUODU128F9307467","29"
"1402","TRAUONA128F4255A38","21"
"1403","TRAUOPA128F93537F2","20"
"1404","TRAUOPE128EF367610","37"
"1405","TRAUORF128F424D160","17"
"1406","TRAUOUZ128E078F8BB","40"
"1407","TRAUOXB128F146573B","17"
"1408","TRAUPSV128F427B621","6"
"1409","TRAUQAM128F9340CFE","34"
"1410","TRAUQFT128F4270904","49"
"1411","TRAUQUO128F92F8340","33"
"1412","TRAURGF128F427E9B5","6"
"1413","TRAURHK12903CA60F8","17"
"1414","TRAURRO128F1489B2C","18"
"1415","TRAURRP128F4261B94","12"
"1416","TRAUSBV128F9344D08","1"
"1417","TRAUSFP128F42A6BEE","4"
"1418","TRAUSHD128E0795347","43"
"1419","TRAUSKE128F930FB12","12"
"1420","TRAUSOM128F9337BC3","46"
"1421","TRAUSYQ12903CE5242","25"
"1422","TRAUTCA128F429B624","11"
"1423","TRAUTPD128F92F1376","2"
"1424","TRAUTSN128F14ADD4A","45"
"1425","TRAUTTP128F425BDEB","25"
"1426","TRAUTXO128F4263C8E","9"
"1427","TRAUUIF128F93232FE","9"
"1428","TRAUVAQ128F92DC677","47"
"1429","TRAUVGG128F9324DAC","39"
"1430","TRAUVSF128F14A0B6F","32"
"1431","TRAUVTO128F4297AA2","6"
"1432","TRAUVUF128F148D1AA","37"
"1433","TRAUVVR128F425A925","39"
"1434","TRAUWFN128F1462E09","45"
"1435","TRAUWQL128F424696E","3"
"1436","TRAUWRW128F9358C69","10"
"1437","TRAUWWP12903CC79CB","3"
"1438","TRAUXEL128F42683D5","30"
"1439","TRAUXSK128F427C58D","8"
"1440","TRAUXSO128F42B863C","30"
"1441","TRAUYLT128F427538E","48"
"1442","TRAUYOD128F42647FE","11"
"1443","TRAUYZG12903CDA4E9","9"
"1444","TRAUZFY128F42BCE57","45"
"1445","TRAUZTR128F9351D2A","32"
"1446","TRAUZVU12903CC050D","50"
"1447","TRAVANT128F92E3F71","22"
"1448","TRAVBAH128F9305DFC","37"
"1449","TRAVBCR128F933AE8E","3"
"1450","TRAVCNA128F930975C","3"
"1451","TRAVDBI12903D105BB","6"
"1452","TRAVDDJ128F92EF09C","10"
"1453","TRAVDGG128F92E389A","31"
"1454","TRAVDQQ128F421B864","37"
"1455","TRAVELY128F42606F8","11"
"1456","TRAVFEW128F92E2B47","33"
"1457","TRAVFPH128F42621EE","28"
"1458","TRAVFSW128F145C1D2","44"
"1459","TRAVGFT128F424278B","6"
"1460","TRAVGKM128F92C58B4","39"
"1461","TRAVGLC128F931535B","13"
"1462","TRAVGNH128F428CBA9","30"
"1463","TRAVGZS128F9338603","46"
"1464","TRAVHCL128F93015C4","29"
"1465","TRAVHIA128F1494B0C","32"
"1466","TRAVHLR128F146B476","6"
"1467","TRAVJDB128F93305EB","6"
"1468","TRAVJRC128F425D474","29"
"1469","TRAVKGM12903CA66FB","31"
"1470","TRAVKJJ128F424DA32","7"
"1471","TRAVKSX128F92EF211","24"
"1472","TRAVLKA128F428BBD3","24"
"1473","TRAVLNW128F4272F05","6"
"1474","TRAVLWL128F424EF6A","10"
"1475","TRAVLXZ128F42A22E4","39"
"1476","TRAVMXD12903CBBD0B","49"
"1477","TRAVMZX128F14AB117","17"
"1478","TRAVOHH128F4247EF9","44"
"1479","TRAVOLQ128F9322DB4","5"
"1480","TRAVPHL128F424EAE1","45"
"1481","TRAVQBP128F145BB9B","7"
"1482","TRAVQPL128F9308D97","3"
"1483","TRAVQZF128F92F3CE3","26"
"1484","TRAVRJA128F9329C4C","31"
"1485","TRAVROF128F421AC2D","48"
"1486","TRAVRPL128F145E874","28"
"1487","TRAVSQE12903CB6879","3"
"1488","TRAVTEH128E07953EA","19"
"1489","TRAVTUD128F93094F2","29"
"1490","TRAVUAJ128E078EDA2","12"
"1491","TRAVUOI128F424142F","18"
"1492","TRAVVBW128F42819B2","47"
"1493","TRAVVEB128F934DD34","11"
"1494","TRAVWTN128F425D2D5","16"
"1495","TRAVWYR128F92DED0F","17"
"1496","TRAVWZA128F931F36E","22"
"1497","TRAVXBL128F42BB389","46"
"1498","TRAVXII128F92FCC6D","25"
"1499","TRAVXUN12903CAC564","3"
"1500","TRAVYHI12903CB95EC","11"
"1501","TRAVYIU128F42625E1","33"
"1502","TRAVYVD128F4237876","1"
"1503","TRAVYXL128EF34722F","16"
"1504","TRAVZDX128F92ECF9B","1"
"1505","TRAVZWX128F92EC110","31"
"1506","TRAWABF128F92EC63A","17"
"1507","TRAWAXV128F92E075C","29"
"1508","TRAWBBO128F92D15E1","13"
"1509","TRAWBOE128F92F2F46","46"
"1510","TRAWBVQ128F149ADFD","1"
"1511","TRAWBWG128F1462C30","7"
"1512","TRAWCGS128F934BE2F","3"
"1513","TRAWCIS128F428CFD1","43"
"1514","TRAWCJY128F146A1D5","24"
"1515","TRAWCQE128F14676AC","22"
"1516","TRAWDLK128EF342E1E","11"
"1517","TRAWDOU128F146D770","46"
"1518","TRAWDWZ128F9340E55","36"
"1519","TRAWEDC128F14A2EBA","27"
"1520","TRAWEFD12903CBADE8","2"
"1521","TRAWEIX128F14B0F05","40"
"1522","TRAWEQF128F42591E9","1"
"1523","TRAWEST128F4242614","40"
"1524","TRAWFCM12903CBE6FA","30"
"1525","TRAWFGF128E0792FE0","13"
"1526","TRAWFYX12903CA4766","36"
"1527","TRAWFZB128F92FFB99","38"
"1528","TRAWGKB128F4268327","3"
"1529","TRAWGLP128F92DE5AD","47"
"1530","TRAWGXD128F428A36B","47"
"1531","TRAWGYK128F42B847B","21"
"1532","TRAWHTB128F92FE5B8","23"
"1533","TRAWHZK12903CB5A01","33"
"1534","TRAWIGC128F4295A2F","14"
"1535","TRAWIGT128F427448E","5"
"1536","TRAWIJG128F42B502C","29"
"1537","TRAWJPF128F42626DB","26"
"1538","TRAWKPT128E0795428","15"
"1539","TRAWKQB128F92EE55D","17"
"1540","TRAWLGG128F42884CA","46"
"1541","TRAWLYD128F42153D2","6"
"1542","TRAWMBE128F423A76C","40"
"1543","TRAWNDA128F9341C35","45"
"1544","TRAWNOH128F4287513","24"
"1545","TRAWNSM12903CA71FC","33"
"1546","TRAWOBG128F93256C6","38"
"1547","TRAWOCY128F145B051","43"
"1548","TRAWODX128F42AC413","44"
"1549","TRAWOHD128F148D176","49"
"1550","TRAWOVS128F424DC49","16"
"1551","TRAWPBO128F933D918","29"
"1552","TRAWPFX128F92E58B5","31"
"1553","TRAWPNC128F92EAA90","6"
"1554","TRAWPXB12903CFA413","17"
"1555","TRAWQSO128F424E2F9","44"
"1556","TRAWRHQ128F1495E6B","1"
"1557","TRAWRKQ128F429866C","28"
"1558","TRAWRWK128F4260B37","30"
"1559","TRAWSJK128F42767F2","7"
"1560","TRAWSSL12903CC4734","47"
"1561","TRAWSXV128F4273E35","4"
"1562","TRAWSYF128F149431A","3"
"1563","TRAWTGS128F14569A8","8"
"1564","TRAWTHB12903CB6497","30"
"1565","TRAWTKK128F92C25D0","26"
"1566","TRAWTUG12903CB2DB8","50"
"1567","TRAWTUV128F426DD46","29"
"1568","TRAWUJY128F9342A56","3"
"1569","TRAWULX128F4291255","50"
"1570","TRAWUUP12903CEF2F9","26"
"1571","TRAWVNL128F9327983","24"
"1572","TRAWVWS128F42ADCD1","9"
"1573","TRAWWHT128F426894E","47"
"1574","TRAWWIK128E078D19C","28"
"1575","TRAWWQM128F148C796","45"
"1576","TRAWXYD128F4255FBD","14"
"1577","TRAWYDB12903CC4519","6"
"1578","TRAWYNV128F92F5E7E","7"
"1579","TRAWYTV128F429DEE8","46"
"1580","TRAWZLK128F930EC02","6"
"1581","TRAWZRG128F1489B24","25"
"1582","TRAXAHC128F421D3C3","11"
"1583","TRAXALK128F1462FF7","47"
"1584","TRAXAMO128F4289D24","47"
"1585","TRAXAZZ128F4255FAF","14"
"1586","TRAXBUJ128F4247432","11"
"1587","TRAXBVE128F932BD11","28"
"1588","TRAXCZO12903CB819D","43"
"1589","TRAXDAH128F422BBFC","29"
"1590","TRAXDBM128E0785BD8","29"
"1591","TRAXDML128E079159C","4"
"1592","TRAXDNU128F9341CDE","45"
"1593","TRAXDRW128F428A030","18"
"1594","TRAXEHW128F423E590","22"
"1595","TRAXGVY128F933E9C9","47"
"1596","TRAXHQZ128F4278712","6"
"1597","TRAXIES128F426C8F0","6"
"1598","TRAXIYW12903CB4343","3"
"1599","TRAXJBW128E0788652","23"
"1600","TRAXJGG128EF3686D7","39"
"1601","TRAXJHG128F427EA02","9"
"1602","TRAXJIS12903CCAF92","1"
"1603","TRAXJOA128F93474E8","6"
"1604","TRAXJVO128F42AC534","45"
"1605","TRAXLIU128E07860D4","4"
"1606","TRAXLLN128F428B982","38"
"1607","TRAXLPR128F428E466","42"
"1608","TRAXLYT128F9348137","11"
"1609","TRAXMWV128F14612AB","6"
"1610","TRAXOQD12903CDD59D","26"
"1611","TRAXOQP128F930DD49","25"
"1612","TRAXOWL128F9343C95","13"
"1613","TRAXPEN128F933F4DC","12"
"1614","TRAXPGM128F428BBA6","26"
"1615","TRAXPHE128F92F4100","22"
"1616","TRAXPJU128F148ADE8","26"
"1617","TRAXQDR128F4260194","6"
"1618","TRAXQUZ128F42B77BE","4"
"1619","TRAXQZA128F1463DEB","37"
"1620","TRAXRGF128F930A59F","11"
"1621","TRAXRSK128F42B44D2","2"
"1622","TRAXRWA128F42464CD","34"
"1623","TRAXSWS128F4254E1A","32"
"1624","TRAXSWX128E0792BEF","24"
"1625","TRAXUBG128F9332164","25"
"1626","TRAXUHM128E078900C","38"
"1627","TRAXUIZ12903CDF737","28"
"1628","TRAXUPN128F42855C8","8"
"1629","TRAXUQL128F932D6C4","46"
"1630","TRAXWDS12903CEE35E","25"
"1631","TRAXWLM128F1453E3B","12"
"1632","TRAXWQU128F42716E2","10"
"1633","TRAXXGI128F14688C7","22"
"1634","TRAXXIT128F4263075","36"
"1635","TRAXXQA128F9301855","13"
"1636","TRAXYGX128F93158FC","26"
"1637","TRAXYPP128F92F9111","37"
"1638","TRAXZSJ128F145B3B0","43"
"1639","TRAYABW128F4235888","29"
"1640","TRAYADL128F14A4735","11"
"1641","TRAYAKN128F9330A65","48"
"1642","TRAYBTO128F932008B","34"
"1643","TRAYCIH128E07890B9","33"
"1644","TRAYCVB128F92EB7B0","18"
"1645","TRAYDJL128F145F261","45"
"1646","TRAYDXA128F42296C6","29"
"1647","TRAYDYV128F42906E1","9"
"1648","TRAYDZH128C71967BC","24"
"1649","TRAYDZS128F4288459","14"
"1650","TRAYEGN128F9361233","43"
"1651","TRAYEKM128F92FB049","30"
"1652","TRAYESZ128F1458FAE","18"
"1653","TRAYEUY128F4233766","31"
"1654","TRAYFBF128F92C52AB","16"
"1655","TRAYFPK128E07850DC","29"
"1656","TRAYFXH128F92E20F8","6"
"1657","TRAYGBT12903CF5DF0","13"
"1658","TRAYGHE12903CD213E","31"
"1659","TRAYGQU128F934B4F5","29"
"1660","TRAYGYF128F930CA01","30"
"1661","TRAYHSN128F427E065","6"
"1662","TRAYICR128F4282520","19"
"1663","TRAYIUG12903CC7E3C","5"
"1664","TRAYIUY128F4289952","50"
"1665","TRAYJHF128F4294CB8","47"
"1666","TRAYJMK128F9300253","46"
"1667","TRAYJOF128F92F9EEA","45"
"1668","TRAYKOC128F930D2B8","33"
"1669","TRAYKTU128F934C82A","45"
"1670","TRAYKZI128F932B9E8","29"
"1671","TRAYLEA128F42B9487","11"
"1672","TRAYLKH128F427BCCC","33"
"1673","TRAYLRT128F42605AF","9"
"1674","TRAYLSA12903CD02FC","26"
"1675","TRAYMFR12903D09540","33"
"1676","TRAYMJB12903CB050F","31"
"1677","TRAYMKM128F4277046","16"
"1678","TRAYMXS128F1452986","17"
"1679","TRAYNVX128F933091B","5"
"1680","TRAYOQI128F92F0967","2"
"1681","TRAYOXN128E07926A8","48"
"1682","TRAYPFH128E07937C3","32"
"1683","TRAYPMR128E0785DD1","50"
"1684","TRAYQAI12903CBDD3D","33"
"1685","TRAYQCQ12903C99425","37"
"1686","TRAYQKQ128F1491182","4"
"1687","TRAYRPQ128F428DCC8","20"
"1688","TRAYSMW128F1468307","29"
"1689","TRAYSUA128F9338AD8","5"
"1690","TRAYTDZ128F93146E3","50"
"1691","TRAYTME128F423DC95","26"
"1692","TRAYTMY12903CE4E5A","21"
"1693","TRAYUCR128E078EE0F","31"
"1694","TRAYUCR128F92E574F","38"
"1695","TRAYUKR128F9344BB4","36"
"1696","TRAYUWU128F423F66D","13"
"1697","TRAYVLL128F9335B7A","5"
"1698","TRAYWHE128F92E9D6A","13"
"1699","TRAYWLI128F9300223","49"
"1700","TRAYXBT128F425C974","17"
"1701","TRAYXDI128F428CD9C","41"
"1702","TRAYXPS128F422842E","37"
"1703","TRAYXZX128F930F022","6"
"1704","TRAYYAU128F92D58D0","36"
"1705","TRAYYCA128F422B2A1","14"
"1706","TRAYYKO128F92E133B","7"
"1707","TRAYZBA128F4264551","26"
"1708","TRAYZXR128F934858F","22"
"1709","TRAYZXS12903CF1C4F","3"
"1710","TRAYZXT128F42650B1","6"
"1711","TRAYZZB128F425B73A","6"
"1712","TRAZACV128F426983D","45"
"1713","TRAZAKG12903CF8157","50"
"1714","TRAZASN128F427DB44","29"
"1715","TRAZBBP128E07845D4","4"
"1716","TRAZCOX128F42B6555","34"
"1717","TRAZCPK128E078AF3F","32"
"1718","TRAZCSY128F42683F2","2"
"1719","TRAZCUE128F4223510","22"
"1720","TRAZDHL12903CBBB4B","17"
"1721","TRAZDKY128F4235130","1"
"1722","TRAZDPO128E078ECE6","12"
"1723","TRAZDTT128F9346306","50"
"1724","TRAZEBG128F1456D2E","45"
"1725","TRAZEDS128F14836FE","6"
"1726","TRAZEYQ12903C9D099","46"
"1727","TRAZFYU128F93569C6","44"
"1728","TRAZHYX128F9311662","13"
"1729","TRAZHZI128F930653D","40"
"1730","TRAZIQB128F934B755","46"
"1731","TRAZJGD128F4289D2A","40"
"1732","TRAZJOI12903CDA550","13"
"1733","TRAZJRY128F92E9CD6","45"
"1734","TRAZJUH128F934465B","31"
"1735","TRAZKAG12903CD1918","46"
"1736","TRAZKPM12903CE9664","47"
"1737","TRAZLCH12903CE3D6D","40"
"1738","TRAZLCL128F92F0A89","26"
"1739","TRAZLFO12903CB6C0B","37"
"1740","TRAZLLR128F42A8DCC","45"
"1741","TRAZLVR128E078F044","39"
"1742","TRAZNDI128F9321777","4"
"1743","TRAZOEU128F92E28DD","43"
"1744","TRAZORC128F426C323","26"
"1745","TRAZOSB128F9302A07","32"
"1746","TRAZPJO12903CB4EA6","43"
"1747","TRAZPMW12903CFAC16","29"
"1748","TRAZPYG128F4288AC3","4"
"1749","TRAZQET128F42A0449","49"
"1750","TRAZRAR128F1477778","20"
"1751","TRAZRBR128E0782989","15"
"1752","TRAZRKK12903CD7385","2"
"1753","TRAZRKX12903D0C4DB","26"
"1754","TRAZRXP12903CBD6A9","49"
"1755","TRAZSCZ128F42554F4","9"
"1756","TRAZSFV128F14806FE","39"
"1757","TRAZSJY128F92CCEA0","40"
"1758","TRAZSRV128F1452866","42"
"1759","TRAZSVJ128E0785129","3"
"1760","TRAZSVT128F92DEC7B","17"
"1761","TRAZSZD128F424AA49","2"
"1762","TRAZTBZ12903CFB6DA","46"
"1763","TRAZUVK12903C9ACBA","46"
"1764","TRAZVFJ128F9310CE2","28"
"1765","TRAZVMZ128F1476A87","29"
"1766","TRAZVVV128F428A033","39"
"1767","TRAZVYP128F1459AD9","9"
"1768","TRAZVZJ128F92EF28A","29"
"1769","TRAZWDT128F4241B14","33"
"1770","TRAZWFF128F42508A6","44"
"1771","TRAZWGV128F425DA7C","6"
"1772","TRAZWSN12903CD494F","33"
"1773","TRAZWTT128F935AA16","6"
"1774","TRAZXBG12903CC5BF2","45"
"1775","TRAZXBO128F429DA70","15"
"1776","TRAZXDC128F429874E","35"
"1777","TRAZYJO128F42AF4B5","1"
"1778","TRAZYQF12903CE3DA5","25"
"1779","TRAZYQU128F934AC32","40"
"1780","TRAZYVR128F4280A24","16"
"1781","TRAZYYE128F1456A0E","26"
"1782","TRAZYZQ128F146653D","1"
"1783","TRAZZLJ128E07945F2","10"
"1784","TRAZZQC128F427A0F5","49"
"1785","TRBAAGQ128F148D17E","22"
"1786","TRBAAOC128F42A6BEA","4"
"1787","TRBAAOT128F4261A18","46"
"1788","TRBABAC128E07852A8","39"
"1789","TRBABGU128F93391B2","45"
"1790","TRBABRR128F427D982","5"
"1791","TRBACUF128F4247F8C","24"
"1792","TRBADFY128F422F325","2"
"1793","TRBADGN128F42AA534","6"
"1794","TRBAEJD128F4264B50","31"
"1795","TRBAFBU128F427EFCE","43"
"1796","TRBAFWX12903CA9831","49"
"1797","TRBAHBP128F42985D6","34"
"1798","TRBAHED128F426A1C2","4"
"1799","TRBAHEH128F9327D39","11"
"1800","TRBAHID128F4278EAF","26"
"1801","TRBAHJW128F92CC8B4","45"
"1802","TRBAHPZ128F427FCEA","24"
"1803","TRBAIAW128F92C5652","28"
"1804","TRBAIHN128F427D480","29"
"1805","TRBAIKM12903CBCF21","24"
"1806","TRBAJRL128F1482E66","33"
"1807","TRBAJXD12903CC3493","13"
"1808","TRBAKRM128F4248228","10"
"1809","TRBALIJ128F14884B5","38"
"1810","TRBAMES128F14947D4","22"
"1811","TRBAMEV128F148C814","16"
"1812","TRBAMFR128F4287A3C","39"
"1813","TRBAMXF128F1470AD6","33"
"1814","TRBANAZ12903CCFE35","49"
"1815","TRBANBC128F147E363","8"
"1816","TRBANCJ128F42812AE","4"
"1817","TRBANHO128F425A477","32"
"1818","TRBANHO128F93466AF","17"
"1819","TRBANPN128F148CC45","11"
"1820","TRBAOBO128F1456D66","4"
"1821","TRBAOJU128F42621E6","3"
"1822","TRBARCH128F92FB2A9","9"
"1823","TRBARHH128E078EDE9","36"
"1824","TRBARSX12903D03AE5","2"
"1825","TRBASEQ128F93155D2","16"
"1826","TRBASGH128F4276439","28"
"1827","TRBATEY128F4285370","12"
"1828","TRBATGR128F14AD2FA","29"
"1829","TRBATKI128F4284D54","9"
"1830","TRBATRO128F4225566","5"
"1831","TRBATSC128F427D709","6"
"1832","TRBAUBI128F424142E","27"
"1833","TRBAULO128F93300AE","45"
"1834","TRBAUPE128F9305DC7","49"
"1835","TRBAUVN128F932FEF8","26"
"1836","TRBAVLT128F428F147","32"
"1837","TRBAVMF12903CEA4FB","19"
"1838","TRBAWKB128F931BAEE","16"
"1839","TRBAWSG128F14ADD48","48"
"1840","TRBAXCV12903CA4067","46"
"1841","TRBAXDP12903CD1922","45"
"1842","TRBAXUW128F933BBD9","17"
"1843","TRBAYEM12903CAC072","33"
"1844","TRBAYER128F933D3B7","40"
"1845","TRBAZFD12903CB641D","45"
"1846","TRBAZYH128F4288198","25"
"1847","TRBBAHD128F428E0FE","2"
"1848","TRBBAKH128F92FA339","3"
"1849","TRBBBMT128F42A0A4E","40"
"1850","TRBBCBT12903CB0497","7"
"1851","TRBBCJH128F930C970","11"
"1852","TRBBDPA12903CCCA06","29"
"1853","TRBBDXO128F14A4737","20"
"1854","TRBBEGG128F9314BAA","49"
"1855","TRBBEJC128F4281471","19"
"1856","TRBBEQY128F42373AF","2"
"1857","TRBBEYU128F4235623","15"
"1858","TRBBFBZ128F42493ED","12"
"1859","TRBBFHG128F932B9D6","39"
"1860","TRBBFOT12903CBCB4F","35"
"1861","TRBBFUA128F933AB95","5"
"1862","TRBBGDK128F427D450","39"
"1863","TRBBGQN128F9310CBE","45"
"1864","TRBBHFE12903CA5EEB","15"
"1865","TRBBHLO128F9302EA4","46"
"1866","TRBBHPQ128F145A7F8","47"
"1867","TRBBHUW128F429476F","14"
"1868","TRBBIBE128F4226E29","7"
"1869","TRBBICL128F42ADFD3","41"
"1870","TRBBILZ12903CB422C","26"
"1871","TRBBIPG128F92FA94D","6"
"1872","TRBBJAJ128F425DA40","34"
"1873","TRBBJBO128F92EB2C5","3"
"1874","TRBBJFO12903D074EE","40"
"1875","TRBBJVE128F9303F10","34"
"1876","TRBBKLD128F424ABF5","22"
"1877","TRBBKXZ128F4215C88","17"
"1878","TRBBLFA12903CDC496","34"
"1879","TRBBLTE128F42558EF","10"
"1880","TRBBLTV12903CC3C00","17"
"1881","TRBBMAL128F146B288","6"
"1882","TRBBMDA12903CB688E","24"
"1883","TRBBMIF12903CA1EB0","47"
"1884","TRBBMLR128F1466822","37"
"1885","TRBBMPH128F1469775","31"
"1886","TRBBMQN128EF35F995","9"
"1887","TRBBMXI128F428CCD1","3"
"1888","TRBBNNS128F931C83D","17"
"1889","TRBBOBQ12903CC5186","7"
"1890","TRBBOME12903CC3862","20"
"1891","TRBBOPV12903CFB50F","45"
"1892","TRBBOUN128F425A4E6","45"
"1893","TRBBPGU12903CF7C25","50"
"1894","TRBBPPB128F14AB242","6"
"1895","TRBBPSX128F93332EE","5"
"1896","TRBBQFV128F4252EFF","9"
"1897","TRBBQJZ128F92C5AF2","25"
"1898","TRBBQPP128F92EE611","39"
"1899","TRBBREF128F933CCDD","12"
"1900","TRBBTDV128F934F6B1","24"
"1901","TRBBTLA128F4226907","17"
"1902","TRBBTUD128F42A10A3","3"
"1903","TRBBTZW12903CE7495","22"
"1904","TRBBUCK128F42AFAD6","40"
"1905","TRBBULA128F146E122","15"
"1906","TRBBUOJ128F92FC6F2","3"
"1907","TRBBVBM128F4276D82","24"
"1908","TRBBVNR128E078E1E4","38"
"1909","TRBBVSO128F9341C12","31"
"1910","TRBBWDJ128F42595D5","15"
"1911","TRBBWIP128F4287400","1"
"1912","TRBBWNS128F426F760","33"
"1913","TRBBXEG128F424EC2C","46"
"1914","TRBBXMC128F422C330","50"
"1915","TRBBXML128F4256DFF","3"
"1916","TRBBYDT128F14805B4","26"
"1917","TRBBYFJ128F42A22D4","27"
"1918","TRBBYOI128F4256732","28"
"1919","TRBBZOG128F422B02B","26"
"1920","TRBBZQM128F931A529","20"
"1921","TRBBZXJ12903CD3E8D","47"
"1922","TRBCADG128F14AB245","5"
"1923","TRBCALG128F1483839","2"
"1924","TRBCANP128F92FA6B9","2"
"1925","TRBCBLN128F932BC9D","37"
"1926","TRBCBLV128F14ADF31","50"
"1927","TRBCBMG12903CDE2A4","21"
"1928","TRBCBVY128F933A195","5"
"1929","TRBCBXZ128F14628C3","49"
"1930","TRBCCAJ128F148CBBB","4"
"1931","TRBCDCS128F422F0CF","9"
"1932","TRBCEVJ128F428E090","3"
"1933","TRBCFLI128F429F370","4"
"1934","TRBCGET128F9315E90","22"
"1935","TRBCGKB12903CC0031","19"
"1936","TRBCGKN128F4269BD4","37"
"1937","TRBCGRI128F93355E9","31"
"1938","TRBCGXN128F148C0CD","4"
"1939","TRBCHEE128F92F82D0","30"
"1940","TRBCHSH128F93304E1","40"
"1941","TRBCIEV12903CE60F1","24"
"1942","TRBCIRO128F42B0277","19"
"1943","TRBCIXV128F4261F09","9"
"1944","TRBCJIX128F424F99E","14"
"1945","TRBCJQH128F1497A7B","37"
"1946","TRBCJRW12903CD02BC","40"
"1947","TRBCJSZ128E07969B5","3"
"1948","TRBCJUF128F93190C2","26"
"1949","TRBCKEI128F92FE542","1"
"1950","TRBCKNP128F4222D54","21"
"1951","TRBCKRF128F9320920","17"
"1952","TRBCLGH12903CCA1D0","45"
"1953","TRBCMSO128F92E6AE5","24"
"1954","TRBCNWM128F92D50EC","11"
"1955","TRBCPXR128F42AC544","34"
"1956","TRBCQLB128F9332CF4","20"
"1957","TRBCRDW128F422D8BA","3"
"1958","TRBCSDW128F424D686","49"
"1959","TRBCSMH128F146A146","26"
"1960","TRBCSSP128F933B1D2","32"
"1961","TRBCTBG128F42B7E1B","23"
"1962","TRBCTRX128F4299237","10"
"1963","TRBCUBV128F145F7E9","9"
"1964","TRBCULX128F92F5CB3","6"
"1965","TRBCUPT128F1462B73","29"
"1966","TRBCVFF128F4222C3C","8"
"1967","TRBCVKL128F92CE9EF","2"
"1968","TRBCVPD12903CECBE8","43"
"1969","TRBCWGM128F428D6FD","26"
"1970","TRBCWOW128F1467692","7"
"1971","TRBCWPC128F42438DF","32"
"1972","TRBCWYB128F92E246A","30"
"1973","TRBCWYJ128F93213A1","29"
"1974","TRBCXDA128F426A86F","17"
"1975","TRBCYEC128F423A352","7"
"1976","TRBCYOI128F1455566","40"
"1977","TRBDAVU128F423814A","47"
"1978","TRBDBJM128F1456D2D","34"
"1979","TRBDBOI128E07817D7","3"
"1980","TRBDBRX128F92F6E19","45"
"1981","TRBDBVM128F427BCC9","34"
"1982","TRBDBXO128F42B3E45","17"
"1983","TRBDCAB128F92F7EE4","9"
"1984","TRBDCAH128EF362D31","43"
"1985","TRBDDKF128F426BF7B","3"
"1986","TRBDDTT128F4291192","30"
"1987","TRBDEKV128F426BDAF","28"
"1988","TRBDENV12903CC4FDA","15"
"1989","TRBDEXM128F4291A7F","15"
"1990","TRBDFCT128F4285E05","45"
"1991","TRBDFMM128F42A63D0","4"
"1992","TRBDFPV128F42A072C","9"
"1993","TRBDFUU128F92EF5BC","34"
"1994","TRBDHKL128F426BE45","49"
"1995","TRBDHUD128F934B032","33"
"1996","TRBDHUE128F9317991","39"
"1997","TRBDHUR128F423EC48","33"
"1998","TRBDIBC12903CE95C2","16"
"1999","TRBDIMX128F147A307","39"
"2000","TRBDIOP128EF35F99C","45"
"2001","TRBDIPI128F4279185","6"
"2002","TRBDITJ128F145998C","38"
"2003","TRBDITK128F931B9A7","25"
"2004","TRBDIZG12903CD68A3","3"
"2005","TRBDKOV128F4290943","43"
"2006","TRBDKQI128F1465028","37"
"2007","TRBDLLL128F9331D6E","35"
"2008","TRBDLRT128F4296B2F","30"
"2009","TRBDLXE128F9310E95","3"
"2010","TRBDMAU128F935960B","35"
"2011","TRBDMCC128F9358267","47"
"2012","TRBDMRW128F933A391","6"
"2013","TRBDMWS128F423A021","33"
"2014","TRBDNGV128F42895AE","50"
"2015","TRBDNNY128F147C34C","3"
"2016","TRBDNWG12903CC3873","37"
"2017","TRBDNZI128F14A9065","26"
"2018","TRBDODQ128F423A780","12"
"2019","TRBDOEI128F9329AE5","5"
"2020","TRBDOVF128E0795641","46"
"2021","TRBDPHP128F92C2AE1","17"
"2022","TRBDPRV128F9306A7E","5"
"2023","TRBDQLL128E078B757","22"
"2024","TRBDRIN128F9308ABF","5"
"2025","TRBDRIR128F4241358","3"
"2026","TRBDROB128F93093CA","5"
"2027","TRBDSFP128E07937B9","19"
"2028","TRBDSLA128F4288246","9"
"2029","TRBDSPH12903CA2967","45"
"2030","TRBDSWA128F92FE70A","15"
"2031","TRBDSXV128F92F5B43","27"
"2032","TRBDTNY128F9327A10","45"
"2033","TRBDTZX128F92DFA66","46"
"2034","TRBDUSM128F9339A13","18"
"2035","TRBDUXD128F148328A","2"
"2036","TRBDVCW128F427C875","6"
"2037","TRBDVJF128E078894B","30"
"2038","TRBDVLN128E078C6FB","34"
"2039","TRBDVVT128F4279D11","4"
"2040","TRBDVZL128F92F579F","36"
"2041","TRBDWLE128F42B3112","45"
"2042","TRBDWRY128F427991E","50"
"2043","TRBDYEF128F423DC43","16"
"2044","TRBDYIC128F92F1D17","11"
"2045","TRBEAMO128F425B75F","28"
"2046","TRBEATE128E078F0D8","13"
"2047","TRBEAWP128F422B4D1","43"
"2048","TRBEAXZ128F424347B","37"
"2049","TRBEBEZ128E0792F08","50"
"2050","TRBEBFU128F14971BD","19"
"2051","TRBEBNV128F423783D","37"
"2052","TRBEBUU128F92C945D","22"
"2053","TRBEBVZ128F425A660","22"
"2054","TRBEBWG128F93214A4","30"
"2055","TRBEBWN128F933D21F","44"
"2056","TRBEBYV128F14A0B65","39"
"2057","TRBECAL128F4270F27","46"
"2058","TRBECBY128F148B6F3","22"
"2059","TRBECKU128F428B08A","19"
"2060","TRBECUJ128F14B0BA7","39"
"2061","TRBEDBC128F145B134","24"
"2062","TRBEDIR128F4250FBD","18"
"2063","TRBEELS128F42B63A8","46"
"2064","TRBEERY128F4231A2E","33"
"2065","TRBEFFG128E0793C24","7"
"2066","TRBEFJE128F932139E","43"
"2067","TRBEFQB128F932138A","2"
"2068","TRBEHBS128F4233471","6"
"2069","TRBEHFA128F145B3DA","37"
"2070","TRBEHGH128E078DEDE","22"
"2071","TRBEHNT128E0792546","22"
"2072","TRBEIAM12903CF4476","2"
"2073","TRBEIBI12903CBD2B6","26"
"2074","TRBEIBI12903CC4C7B","33"
"2075","TRBEIKK128F14628D6","32"
"2076","TRBEIRT128F42A6680","13"
"2077","TRBEISL128F931B107","20"
"2078","TRBEIVC128F9320E95","9"
"2079","TRBEIYU128F92E88A9","15"
"2080","TRBEKGF12903CBE1C6","13"
"2081","TRBEKGR128F425DA44","32"
"2082","TRBELDP128F427EDD0","28"
"2083","TRBEMTF128F42660CA","40"
"2084","TRBENNA12903D0411A","46"
"2085","TRBENTT128E0781C26","32"
"2086","TRBENZB128F429C5FD","43"
"2087","TRBENZL128F1455ECA","30"
"2088","TRBEOMZ12903CBCD33","4"
"2089","TRBEONX128E0788D2B","39"
"2090","TRBEOUP12903CF652E","44"
"2091","TRBEQFT128F4238A28","35"
"2092","TRBERCZ128E0787D93","6"
"2093","TRBESEX128F147BB13","6"
"2094","TRBESGH128E0788912","3"
"2095","TRBETHV128F429722F","6"
"2096","TRBETVK128F4288B49","45"
"2097","TRBEUKI128F9318306","26"
"2098","TRBEUMG128F422305C","18"
"2099","TRBEUSV128F42A5F43","50"
"2100","TRBEVTM128F92FE2B2","42"
"2101","TRBEWCS128F428BA34","16"
"2102","TRBEWTY12903CB4779","25"
"2103","TRBEXUF128F92DF175","48"
"2104","TRBEYDS128F148C563","11"
"2105","TRBEYEO128F9308A8D","5"
"2106","TRBEYJR128F4292651","12"
"2107","TRBEYYM128F1493C56","31"
"2108","TRBFAKP128F148B600","12"
"2109","TRBFANX128F42934C3","46"
"2110","TRBFBOG128F9356C6E","48"
"2111","TRBFBUO128F42A3DED","6"
"2112","TRBFCWN128F92D5E03","40"
"2113","TRBFCZL128F42915B0","25"
"2114","TRBFDGT128E0786A25","9"
"2115","TRBFDRD128F92F79D5","16"
"2116","TRBFEIX128F426A5F8","25"
"2117","TRBFGDW128F4261FA6","18"
"2118","TRBFGFF12903CF4183","6"
"2119","TRBFHQG128F93092E5","50"
"2120","TRBFHRA128F424D28A","20"
"2121","TRBFIAK128E07823AA","29"
"2122","TRBFICL12903C9CE02","47"
"2123","TRBFIHG128F4289CF9","45"
"2124","TRBFIUJ12903CFEB7C","3"
"2125","TRBFJDL128F1461579","33"
"2126","TRBFJGB128F42612B1","16"
"2127","TRBFJKU12903CEDB0C","40"
"2128","TRBFJPO128F4295BE3","1"
"2129","TRBFKHT128F427215E","45"
"2130","TRBFKNY128F92E0FF2","27"
"2131","TRBFLER128F148C52B","22"
"2132","TRBFLFI128F427F374","33"
"2133","TRBFLIP128E07897B4","3"
"2134","TRBFLOH128F42630E3","18"
"2135","TRBFLSD128F42A0F4C","3"
"2136","TRBFMAS128E078F352","26"
"2137","TRBFMFO128F421BFD4","6"
"2138","TRBFMGE12903CDECE5","17"
"2139","TRBFMTO128F9322AE7","13"
"2140","TRBFNBC12903CA9800","16"
"2141","TRBFNMG128F4278109","43"
"2142","TRBFOEA128F425D2DB","47"
"2143","TRBFPEP128F14ADD52","45"
"2144","TRBFPJD128F933B5C3","30"
"2145","TRBFPRL128F14569B9","34"
"2146","TRBFQPI128F4280CDA","37"
"2147","TRBFQQY128F4249C56","18"
"2148","TRBFRFR128E0781C86","26"
"2149","TRBFRNE128F42368B1","50"
"2150","TRBFRZX128F9341EAE","4"
"2151","TRBFSKB128F145C5B1","32"
"2152","TRBFSNP128F14572B5","45"
"2153","TRBFSPZ12903CB5230","45"
"2154","TRBFTHM12903CCC8FD","13"
"2155","TRBFTJP128F426AC3F","47"
"2156","TRBFUMI128F42B5731","43"
"2157","TRBFUNY128C7196B7D","9"
"2158","TRBFUPH128F426310A","9"
"2159","TRBFUPZ128F145DB81","6"
"2160","TRBFURI128F1455498","26"
"2161","TRBFUSW128F92D0357","32"
"2162","TRBFUXQ128F145B135","49"
"2163","TRBFVAA128F423C356","15"
"2164","TRBFVEP128F42621E3","46"
"2165","TRBFVMO128F14537D3","4"
"2166","TRBFVOP12903CF0DFA","50"
"2167","TRBFVZI128F147FCAF","32"
"2168","TRBFVZZ128F92FD7B5","6"
"2169","TRBFWSP128F92F29B4","43"
"2170","TRBFWTU128F4220AC5","40"
"2171","TRBFWYX128F145F889","11"
"2172","TRBFXMJ12903CB50F6","12"
"2173","TRBFXVN128E078CF62","47"
"2174","TRBFYJE128F14A8ABF","50"
"2175","TRBFYKT128F428AFF7","28"
"2176","TRBFZRA128F427030C","35"
"2177","TRBGACK12903CD5CF5","17"
"2178","TRBGBEE12903CBD301","15"
"2179","TRBGBGO128F4264203","43"
"2180","TRBGBIK128F4294A67","14"
"2181","TRBGBUY128F422B413","16"
"2182","TRBGCAK128F425F3CC","28"
"2183","TRBGCLK128F4237A50","32"
"2184","TRBGDXO128EF3531E8","39"
"2185","TRBGDXT128F1487E86","33"
"2186","TRBGEGB128F9345BD0","50"
"2187","TRBGEZA128F4286D23","7"
"2188","TRBGFLG128F1465AFD","50"
"2189","TRBGFUW12903CA0E6B","49"
"2190","TRBGFXC12903D01967","37"
"2191","TRBGGFE128E0785AC0","34"
"2192","TRBGGOS128F9307FC5","21"
"2193","TRBGGRK128F422CA7F","1"
"2194","TRBGGTE128F424ECBC","37"
"2195","TRBGGYE128F42B63AB","32"
"2196","TRBGHJG128F428ADB4","18"
"2197","TRBGHND128E079438C","9"
"2198","TRBGHVM128F146B47A","5"
"2199","TRBGIAQ128F1483BFE","45"
"2200","TRBGICJ128F427BA9A","17"
"2201","TRBGIDU128F4241A2E","34"
"2202","TRBGIPU128F4290454","37"
"2203","TRBGITL12903CF2662","30"
"2204","TRBGJDW128F4292EDB","47"
"2205","TRBGJIZ128F92E42BC","39"
"2206","TRBGJOG12903CC3E93","6"
"2207","TRBGKGR128F92EE206","1"
"2208","TRBGKJU128E079851F","15"
"2209","TRBGLAD128F9343692","17"
"2210","TRBGLRQ12903CA86EE","32"
"2211","TRBGLSW12903CE3D8A","40"
"2212","TRBGMAZ12903CC3707","17"
"2213","TRBGMJF128F425E8EA","32"
"2214","TRBGMUA128F92E9A1C","40"
"2215","TRBGMWQ12903CC23CD","30"
"2216","TRBGNAF128F9339532","16"
"2217","TRBGNCL128F428F56F","31"
"2218","TRBGNNC128F148D427","11"
"2219","TRBGODE128E0785BC8","24"
"2220","TRBGOPC128F4231959","3"
"2221","TRBGOVC128F934435E","9"
"2222","TRBGOWY12903D0E2A0","30"
"2223","TRBGPCC128F428FF02","30"
"2224","TRBGPHO128F4254D34","3"
"2225","TRBGPWE128F421CCB4","43"
"2226","TRBGPYK128F42796E1","17"
"2227","TRBGPZX128F4285105","5"
"2228","TRBGQKE128F425EDC9","46"
"2229","TRBGRGT12903CC5019","45"
"2230","TRBGRIP128F147FCA6","45"
"2231","TRBGRWH128F92E3551","46"
"2232","TRBGSAQ128F1470B41","5"
"2233","TRBGTNZ128F1481BBD","1"
"2234","TRBGTPK128F429E5D5","11"
"2235","TRBGTZD128EF34B6C3","45"
"2236","TRBGUHX128F4279757","13"
"2237","TRBGUSS128F92F94BB","7"
"2238","TRBGUTI128E07872F0","8"
"2239","TRBGUUE128F1494FB6","3"
"2240","TRBGUUF128F9334B97","6"
"2241","TRBGWEG12903CFF7EE","24"
"2242","TRBGWGD128F42418B2","30"
"2243","TRBGWJB128F4275C7B","3"
"2244","TRBGWQG128F92FB42D","22"
"2245","TRBGWVI128E0788AE7","15"
"2246","TRBGWWM12903CCE627","48"
"2247","TRBGXHJ128F93302C7","50"
"2248","TRBGXHS128F426B568","17"
"2249","TRBGXWM128F428E59A","6"
"2250","TRBGYCS128F4277187","3"
"2251","TRBGYSS128F1487760","1"
"2252","TRBGZKO128F92DB016","22"
"2253","TRBGZLM128F4221E63","15"
"2254","TRBHAAK128F92E27BF","50"
"2255","TRBHAFV128F425D48E","50"
"2256","TRBHAUR128F147481A","3"
"2257","TRBHBGB128F931E4CF","16"
"2258","TRBHCQA128F149F192","43"
"2259","TRBHCXR128F92E7D0E","2"
"2260","TRBHDGL128F42324A7","30"
"2261","TRBHDTL128F1468F7D","16"
"2262","TRBHEBY128F148CF2B","2"
"2263","TRBHEVR128F4263CE0","2"
"2264","TRBHFBL128F14537D2","36"
"2265","TRBHFDA128F4270728","33"
"2266","TRBHGDD128F1486C2E","31"
"2267","TRBHGKH128F427FB11","6"
"2268","TRBHGUK128E078E031","25"
"2269","TRBHGVH128F148AD73","37"
"2270","TRBHHFG128F93353FE","6"
"2271","TRBHHMI128F426779C","40"
"2272","TRBHHUC128F4294C6F","40"
"2273","TRBHHWQ128F93321AB","29"
"2274","TRBHIJC128F92E55E2","43"
"2275","TRBHIRB128F1452ACC","46"
"2276","TRBHIVF128E078DB92","46"
"2277","TRBHJAY128F14A9061","47"
"2278","TRBHJFG128F426C8EA","5"
"2279","TRBHJJP128F145EA12","39"
"2280","TRBHJLT128F1460832","15"
"2281","TRBHJPQ128E078ED8F","45"
"2282","TRBHJUJ128F92EBE24","29"
"2283","TRBHKCL128F425A036","4"
"2284","TRBHKKJ128F427A3B1","35"
"2285","TRBHKKK128F427E9FF","15"
"2286","TRBHKXX128F4252D02","31"
"2287","TRBHLBL12903D0137C","17"
"2288","TRBHLDQ128F423EF10","7"
"2289","TRBHLGE128F42A64E5","40"
"2290","TRBHMHM12903CD9C85","17"
"2291","TRBHMMC128F424991B","5"
"2292","TRBHMZS128F42658FF","4"
"2293","TRBHNEU128F426E873","24"
"2294","TRBHNHZ128F42A6BEF","4"
"2295","TRBHNUB12903CC2475","45"
"2296","TRBHOEV128F4279182","6"
"2297","TRBHOXV128F92FBB72","7"
"2298","TRBHPGG128F428C972","21"
"2299","TRBHQHN128F148A1B3","21"
"2300","TRBHQUM128F9309DE1","46"
"2301","TRBHQXZ128F42408ED","37"
"2302","TRBHRLX128F93466B9","17"
"2303","TRBHRME128F42537E5","38"
"2304","TRBHSDN128F4274E9F","14"
"2305","TRBHSMF128F4285B9C","8"
"2306","TRBHSVR128F9324499","46"
"2307","TRBHSWH12903D07A35","17"
"2308","TRBHTKF128F92CC5D2","33"
"2309","TRBHTOR128F428CADE","9"
"2310","TRBHTSP128F9307CC3","35"
"2311","TRBHUDB128F429A663","27"
"2312","TRBHUEU12903CB049A","28"
"2313","TRBHUPU128F4230F81","48"
"2314","TRBHUUZ128F425C46F","17"
"2315","TRBHUVB128F148ADB8","49"
"2316","TRBHWOM128F9322A72","37"
"2317","TRBHYAU128F9334703","28"
"2318","TRBHYIK128F92E210B","34"
"2319","TRBHYTA128F93425AC","5"
"2320","TRBHYYH128F42390AC","39"
"2321","TRBHZAA128F4271AE9","9"
"2322","TRBHZUN12903CA60F7","30"
"2323","TRBHZYO128E07862BE","4"
"2324","TRBIAVU128EF3493BA","50"
"2325","TRBIBAQ128F93279F5","13"
"2326","TRBIBKA128F42947BF","14"
"2327","TRBIBTU128F92FDC9D","3"
"2328","TRBIBVM128F4262E9D","46"
"2329","TRBICGT128E0792473","38"
"2330","TRBICRP128F42882BB","25"
"2331","TRBICVB128F9326B65","32"
"2332","TRBIDUD128F92FA11C","2"
"2333","TRBIDUK128F42806A4","43"
"2334","TRBIERO12903CC4BF5","6"
"2335","TRBIFGK128F92F23A2","30"
"2336","TRBIFOK128EF362D20","11"
"2337","TRBIFUD128F1495AE2","4"
"2338","TRBIGGV12903CABC77","50"
"2339","TRBIGLR128F92E87DD","32"
"2340","TRBIGRU128F145B139","2"
"2341","TRBIGRY128F42597B3","44"
"2342","TRBIGTG128F92EDBAC","46"
"2343","TRBIHAU128F425C317","16"
"2344","TRBIIEU128F9307C88","24"
"2345","TRBIIOT128F423C594","30"
"2346","TRBIIXI128F9344121","45"
"2347","TRBIJES12903CF5B12","29"
"2348","TRBIJFB128F92ED124","3"
"2349","TRBIJMU12903CF892B","16"
"2350","TRBIJYB128F14AE326","34"
